,control_RunId0091_LaneId1,D0-C-1_RunId0091_LaneId1,D0-C-2_RunId0091_LaneId1,D0-C-3_RunId0091_LaneId1,D0-C-4_RunId0091_LaneId1,D0-I-1_RunId0091_LaneId1,D0-I-2_RunId0091_LaneId1,D0-I-3_RunId0091_LaneId1,D0-I-4_RunId0091_LaneId1,D0-I-6_RunId0091_LaneId1,D11-C-1_RunId0091_LaneId1,D11-C-2_RunId0091_LaneId1,D11-C-3_RunId0091_LaneId1,D11-C-4_RunId0091_LaneId1,D11-I-1_RunId0091_LaneId1,D11-I-2_RunId0091_LaneId1,D11-I-3_RunId0091_LaneId1,D11-I-4_RunId0091_LaneId1,D11-I-5_RunId0091_LaneId1,D11-I-6_RunId0091_LaneId1,D2-C-4_RunId0091_LaneId1,D2-I-1_RunId0091_LaneId1,D2-I-2_RunId0091_LaneId1,D2-I-3_RunId0091_LaneId1,D2-I-4_RunId0091_LaneId1,D2-I-5_RunId0091_LaneId1,D2-I-6_RunId0091_LaneId1,D5-C-1_RunId0091_LaneId1,D5-C-3_RunId0091_LaneId1,D5-C-4_RunId0091_LaneId1,D5-I-1_RunId0091_LaneId1,D5-I-2_RunId0091_LaneId1,D5-I-3_RunId0091_LaneId1,D5-I-4_RunId0091_LaneId1,D-5-I-5_RunId0091_LaneId1,D5-I-6_RunId0091_LaneId1
Odontotremataceae,0.0,0.0,0.0,0.0,0.0,0.0,0.0,0.0,0.0,0.0,0.0,0.0,0.0,0.0,0.0,0.0,0.0,0.0,0.0,0.0,0.0,0.0,0.0,0.0,0.0,0.0,0.0,0.0,0.0,0.0,0.0,0.0,0.0,0.0,0.0,0.0
Phakopsoraceae,0.0,0.0,0.0,0.0,0.0,0.0,0.0,0.0,0.0,0.0,3.9838069243830945e-12,0.0,0.0,0.0,5.407652416521961e-12,1.827093027026141e-11,4.634640340994961e-12,0.0,1.8539666097647236e-11,0.0,7.255706440792656e-12,0.0,2.9269775304130533e-12,0.0,0.0,0.0,0.0,0.0,0.0,0.0,5.0398072451129965e-12,0.0,1.227670590199567e-11,0.0,0.0,0.0
Coniophoraceae,0.0,1.967995829281543e-06,0.0,0.0,1.4512945517238638e-06,5.508022218354762e-07,0.0,1.952093833121437e-06,0.0,1.0038358178425475e-06,0.0,0.0,4.557059066764439e-06,0.0,3.9511094782621444e-05,1.7799577390719773e-05,2.4187907338355305e-05,1.559261581032575e-05,7.740591591323677e-06,6.575152731344797e-06,0.0,5.6969785405810285e-06,1.8330862223120485e-06,1.866046278868143e-06,0.0,3.4966814427443795e-06,1.3408859020803413e-06,0.0,0.0,2.5788010303379546e-06,1.0520979552151827e-06,3.544410119968743e-06,5.1257107853846965e-06,1.0142625461297054e-06,0.0,4.055282837908618e-06
Valsariaceae,0.0,0.0,0.0,0.0,0.0,0.0,0.0,0.0,0.0,0.0,0.0,0.0,0.0,0.0,0.0,0.0,0.0,0.0,0.0,0.0,0.0,0.0,0.0,0.0,0.0,0.0,0.0,0.0,0.0,0.0,0.0,0.0,0.0,0.0,0.0,0.0
Omphalotaceae,0.0,0.0,0.0,0.0,0.0,0.0,0.0,0.0,0.0,0.0,0.0,0.0,0.0,0.0,3.1097966164191736e-06,1.167458276548398e-06,8.884193324944877e-07,1.4317879112350837e-06,0.0,0.0,0.0,0.0,0.0,0.0,0.0,0.0,0.0,0.0,0.0,0.0,0.0,0.0,0.0,0.0,0.0,0.0
Lyophyllaceae,0.0,0.0,0.0,0.0,0.0,0.0,0.0,0.0,0.0,0.0,0.0,0.0,0.0,0.0,0.0,0.0,0.0,0.0,0.0,0.0,0.0,0.0,0.0,0.0,0.0,0.0,0.0,0.0,0.0,0.0,0.0,0.0,0.0,0.0,0.0,0.0
Thermoascaceae,0.0,0.0,0.0,0.0,0.0,0.0,0.0,0.0,0.0,0.0,0.0,0.0,0.0,0.0,0.0,0.0,0.0,0.0,0.0,0.0,0.0,0.0,0.0,0.0,0.0,0.0,0.0,0.0,0.0,0.0,0.0,0.0,0.0,0.0,0.0,0.0
Gnomoniaceae,0.0,0.0,0.0,0.0,0.0,0.0,1.1217465005747651e-06,0.0,0.0,0.0,0.0,0.0,0.0,0.0,1.9539042513471636e-06,0.0,0.0,0.0,0.0,0.0,0.0,0.0,0.0,0.0,0.0,0.0,0.0,0.0,0.0,0.0,0.0,0.0,0.0,0.0,0.0,0.0
Suillaceae,0.0,0.0,0.0,0.0,0.0,0.0,0.0,5.705406277040677e-07,0.0,0.0,0.0,0.0,0.0,0.0,0.0,0.0,0.0,0.0,0.0,0.0,0.0,0.0,0.0,0.0,0.0,0.0,0.0,0.0,0.0,0.0,0.0,0.0,0.0,0.0,0.0,0.0
Rutstroemiaceae,0.0,0.0,0.0,0.0,0.0,0.0,0.0,0.0,0.0,0.0,0.0,0.0,0.0,0.0,0.0,0.0,0.0,0.0,0.0,0.0,0.0,0.0,0.0,0.0,0.0,0.0,0.0,0.0,0.0,0.0,0.0,0.0,0.0,0.0,0.0,0.0
Sporidiobolaceae,0.000445150862829617,6.884611872969931e-06,0.0,1.3812309753193956e-05,3.0462258771012716e-06,6.936708937522486e-06,1.360344805903874e-06,4.097389287323508e-06,7.554915311709313e-06,2.107022754988549e-06,1.7456093935981505e-06,4.639317504073134e-06,2.3912842565569842e-06,4.057973639989936e-06,0.00015638730397701478,0.00012542556081000732,0.00013809365942554885,6.54569118538939e-05,3.520244218747206e-05,2.0701587116472478e-05,0.0,3.758164298230835e-05,6.412659510012452e-06,3.9167779247876884e-06,0.0,1.4678869264982153e-05,1.4072406350267198e-06,1.957290397013757e-06,4.54514292428069e-06,0.0,8.833294420116096e-06,0.0,2.1517441534427832e-05,1.2773448961928437e-05,0.0,8.511923031150718e-06
Malasseziaceae,0.0,3.38078330089424e-06,0.0,1.3565449155881767e-05,0.0,0.0,6.6801601718675714e-06,1.006039667554311e-05,9.274862547363459e-06,5.17341244220099e-06,0.0,0.0,0.0,0.0,0.00020944400570937883,0.00011138968925420966,0.00017451820902504507,0.000168753461006438,5.318967124141332e-05,4.51813285866055e-05,7.80614059155593e-06,3.7748827656645874e-05,3.149024605277908e-06,0.0,0.0,6.006883782112824e-06,0.0,4.8057717786567145e-06,0.0,0.0,5.422138317023249e-06,4.566656989366743e-06,0.0,1.5681444263713953e-05,0.0,0.0
Morchellaceae,0.0,0.0,0.0,0.0,0.0,0.0,0.0,0.0,0.0,0.0,0.0,0.0,0.0,0.0,0.0,0.0,6.755080416867713e-07,0.0,0.0,0.0,0.0,0.0,0.0,0.0,0.0,0.0,0.0,0.0,0.0,0.0,0.0,0.0,0.0,0.0,0.0,0.0
Botryosphaeriaceae,0.0,3.2158386538581673e-06,2.7924800406046722e-06,4.3012020065382796e-06,5.928784309557192e-06,8.100433671297558e-06,4.2361617378184394e-06,5.3164228561075795e-06,1.4703920578180577e-06,1.6403358061606776e-06,1.0871778522980537e-05,9.029374030325202e-06,5.584907679974327e-06,3.1591682844297743e-06,0.00039845093248121275,8.725714985328001e-05,0.0002355670987991858,0.00021912276879206496,0.000120162190433025,9.848891697015979e-05,7.4252876974211385e-06,3.0587533422397904e-05,4.992312010910095e-06,9.147738522895842e-06,5.699380942980012e-06,9.523024368663636e-06,6.573295507284154e-06,3.047535688615345e-06,2.3589559138722523e-06,2.10696788849334e-06,1.3753595293995293e-05,8.68770977508833e-06,3.3503036189168017e-05,1.4916364085871741e-05,0.0,1.6566517962636015e-05
Plectosphaerellaceae,0.0,6.284788464547304e-12,1.2279169924347502e-11,1.576113632244965e-11,1.0428085275208502e-11,1.319238866718933e-11,1.241824448741709e-11,6.2340054900392755e-12,8.62086445063093e-12,0.0,7.967613848766189e-12,1.0587789722557454e-11,5.457357650787843e-12,9.261054360296097e-12,1.7304487732870275e-10,1.6443837243235267e-10,1.7611633295780852e-10,1.419156626139761e-10,8.651844178902042e-11,4.199545895753087e-11,0.0,4.2884167011156475e-11,2.048884271289137e-11,4.916350640295451e-11,1.1138433068626616e-11,5.583320571258338e-12,3.2115861696510118e-12,8.933805082910737e-12,6.915243818945889e-12,6.176544708588428e-12,4.031845796090397e-11,1.2733945337782352e-11,2.455341180399134e-11,9.717132712012094e-12,0.0,9.712899700149188e-12
Erysiphaceae,0.0,0.0,0.0,0.0,0.0,0.0,0.0,0.0,0.0,0.0,0.0,0.0,0.0,0.0,0.0,0.0,0.0,0.0,0.0,0.0,0.0,4.3293985420441966e-07,0.0,0.0,0.0,0.0,0.0,0.0,0.0,0.0,0.0,4.7137332217175753e-07,0.0,0.0,0.0,0.0
Coccotremataceae,0.0,0.0,0.0,0.0,0.0,0.0,0.0,0.0,0.0,0.0,0.0,0.0,0.0,0.0,0.0,0.0,0.0,0.0,0.0,0.0,0.0,0.0,0.0,0.0,0.0,0.0,0.0,0.0,0.0,0.0,0.0,0.0,0.0,0.0,0.0,0.0
Myeloconidaceae,0.0,0.0,0.0,0.0,0.0,0.0,0.0,0.0,0.0,0.0,0.0,0.0,0.0,0.0,0.0,0.0,0.0,0.0,0.0,0.0,0.0,0.0,0.0,0.0,0.0,0.0,0.0,0.0,0.0,0.0,0.0,0.0,0.0,0.0,0.0,0.0
Ceratobasidiaceae,0.0,0.0,0.0,0.0,0.0,0.0,0.0,0.0,0.0,0.0,0.0,0.0,0.0,0.0,9.35853304384158e-06,0.0,8.020751231163455e-06,0.0,0.0,0.0,0.0,0.0,0.0,0.0,0.0,0.0,0.0,0.0,0.0,0.0,0.0,0.0,0.0,0.0,0.0,0.0
Kirschsteiniotheliaceae,0.0,0.0,0.0,0.0,0.0,0.0,0.0,0.0,0.0,0.0,0.0,0.0,0.0,0.0,0.0,0.0,0.0,0.0,0.0,0.0,0.0,0.0,0.0,0.0,0.0,0.0,0.0,0.0,0.0,0.0,0.0,0.0,0.0,0.0,0.0,0.0
Clavariaceae,0.0,0.0,0.0,0.0,0.0,0.0,0.0,0.0,0.0,0.0,0.0,0.0,0.0,0.0,0.0,0.0,0.0,0.0,0.0,0.0,0.0,0.0,0.0,0.0,0.0,0.0,0.0,0.0,0.0,0.0,0.0,0.0,0.0,0.0,0.0,0.0
Sympoventuriaceae,0.0,0.0,0.0,8.540518391623235e-07,0.0,7.14858597353093e-07,8.411373652465781e-07,8.445082488330013e-07,1.1678512558677795e-06,0.0,0.0,1.4343066864307028e-06,0.0,1.2545765018425759e-06,1.318614932849911e-05,1.1550589687715946e-05,1.3812599956987712e-05,1.2142124732275944e-05,5.02306293284127e-06,1.4222601969082935e-06,0.0,1.056260416228958e-06,1.5860471554169882e-06,1.2109239692810198e-06,0.0,0.0,0.0,0.0,0.0,0.0,5.461860818476032e-06,0.0,0.0,3.949081570465944e-06,0.0,0.0
Ascosphaeraceae,0.0,0.0,0.0,0.0,0.0,0.0,0.0,0.0,0.0,0.0,0.0,0.0,0.0,0.0,0.0,0.0,0.0,0.0,0.0,0.0,0.0,0.0,0.0,0.0,0.0,0.0,0.0,0.0,0.0,0.0,0.0,0.0,0.0,0.0,0.0,0.0
Sordariaceae,0.0,3.674157138533236e-06,1.914277097780991e-06,6.634177448799852e-06,2.438549788669805e-06,1.8509800647433574e-06,4.355906190530568e-06,2.9155750780907817e-06,4.0318824845468604e-06,2.2489380197851434e-06,5.5895466581873316e-06,4.95179157228489e-06,1.276172757971444e-06,1.0828230474317866e-06,6.069837432814769e-05,3.4180444040111377e-05,6.827844789595605e-05,5.414588735100245e-05,1.5896458910853672e-05,2.2095910557160675e-05,8.483533141941682e-07,1.276319434920019e-05,6.1601168621807e-06,2.0902932275541703e-06,2.6046606724808474e-06,1.3056284868983841e-06,3.7550578886787804e-06,2.0891206699988957e-06,0.0,1.4443506546350873e-06,7.071185496569191e-06,2.9777623497388535e-06,0.0,9.0891899312282e-06,1.9530044320258046e-06,6.813922849522223e-06
Astraeaceae,0.0,0.0,0.0,0.0,0.0,0.0,0.0,0.0,0.0,0.0,0.0,0.0,0.0,0.0,5.407652416521961e-12,0.0,0.0,0.0,0.0,0.0,0.0,0.0,0.0,0.0,0.0,0.0,0.0,0.0,0.0,0.0,0.0,0.0,0.0,0.0,0.0,0.0
Ophiocordycipitaceae,0.0,2.3761463595140826e-06,1.0316657638494783e-06,3.178108913240695e-06,1.752284336354627e-06,1.3300705974610063e-06,8.607641359361469e-06,2.356946384736373e-06,4.345823421272793e-06,1.21202534508785e-06,1.1045419917372833e-05,1.3343402166714856e-05,1.3755414455751204e-06,4.66854654485488e-06,8.859585212865372e-05,3.070157567594933e-05,4.789510814112728e-05,5.647929239748427e-05,2.336485964114535e-05,1.4554466607356816e-05,9.144100098328556e-07,1.2774352903616076e-05,4.426514618592792e-06,3.379579625813583e-06,1.403735773341567e-06,4.221872199592386e-06,0.0,4.5035784511793315e-06,2.614508271556299e-06,1.5568144477180386e-06,1.2702967602575768e-06,6.419249277268468e-06,9.283128684571656e-06,7.347687085670552e-06,4.210148701048366e-06,7.344486260126602e-06
Pucciniaceae,0.0,1.6648095788194515e-07,2.1684611794888705e-07,0.0,0.0,0.0,0.0,0.0,0.0,0.0,2.1105817531626213e-07,0.0,0.0,0.0,2.864921100443238e-06,1.9359518557838656e-06,2.9464642805770803e-06,3.5614195207552086e-06,1.6370221464937605e-06,1.9467683723033926e-06,0.0,2.0654191081617044e-07,3.1013678548507505e-07,0.0,5.901032364189401e-07,5.915976724489554e-07,3.4029335743596583e-07,2.366521062918068e-07,1.8318141039425385e-07,0.0,5.340080688091796e-07,2.2487730275612786e-07,0.0,2.5740207023471903e-07,0.0,0.0
Phaeosphaeriaceae,0.0,1.4881934185556244e-06,1.938413676113694e-06,3.7321255084942755e-06,2.469296773033068e-06,1.249545699129788e-06,1.4702761931001566e-06,0.0,0.0,1.138647121500045e-06,9.433372784314214e-07,0.0,0.0,2.192952113762394e-06,3.713432053656848e-05,1.7305707794287913e-05,3.950820087310045e-05,2.6529966544591328e-05,1.170683117366192e-05,1.491634109462155e-05,0.0,7.385212488998114e-06,6.93087559206284e-07,3.17497371520223e-06,2.6375021019814775e-06,0.0,2.2814426107226996e-06,0.0,0.0,1.4625620633992112e-06,1.193390678982281e-06,2.0102054084859635e-06,0.0,5.75237059720577e-06,1.977629312359143e-06,2.2999458916385497e-06
Trichocomaceae,0.0,9.421172658521515e-06,4.090447226954083e-06,4.200290199484981e-06,5.7896872996057425e-06,2.636795645295506e-06,1.0341939650674778e-06,4.15335411540902e-06,7.179473715098083e-06,3.2037027789011715e-06,2.654178106005683e-06,8.817533142923225e-06,3.635918976070037e-06,3.085050077500021e-06,0.00014591353278680245,6.289308294908599e-05,0.00011733603658992781,8.708564189428037e-05,6.381813845710672e-05,4.0219990673273866e-05,3.6255403834119887e-06,9.090842176276348e-06,6.825260206902655e-06,7.444267208477109e-06,7.4208880468112666e-06,7.439681440555664e-06,3.209538712154716e-06,1.488018263965932e-06,4.607223464972397e-06,6.172607024186773e-06,8.394323760142527e-06,5.655923184387895e-06,2.0448132048965632e-05,1.6184896373566066e-06,2.7821334652366874e-06,3.2355691703052632e-06
Camptobasidiaceae,0.0,0.0,0.0,0.0,0.0,0.0,1.3900673004234318e-06,0.0,0.0,0.0,0.0,0.0,0.0,0.0,0.0,0.0,0.0,0.0,0.0,0.0,0.0,0.0,0.0,0.0,0.0,0.0,0.0,0.0,0.0,0.0,0.0,0.0,5.496895297421877e-06,0.0,0.0,0.0
Thelephoraceae,0.0,0.0,0.0,0.0,0.0,0.0,0.0,0.0,0.0,0.0,0.0,0.0,0.0,0.0,3.988647001536282e-06,0.0,5.127717965792884e-06,2.754631860246677e-06,0.0,3.871944989874869e-06,0.0,0.0,0.0,3.2966056465400435e-06,0.0,0.0,0.0,0.0,0.0,0.0,0.0,0.0,0.0,0.0,0.0,0.0
Xylonomycetaceae,0.0,6.284788464547304e-06,8.186113282898333e-06,6.304454528979859e-06,3.4760284250695007e-06,7.9154332003136e-06,6.209122243708545e-06,6.234005490039275e-06,4.310432225315465e-06,0.0,7.967613848766189e-06,5.2938948612787265e-06,5.457357650787843e-06,0.0,0.0002108984442443565,1.827093027026141e-05,0.0001622124119348236,8.216169940809143e-05,6.797877569137319e-05,7.874148554537037e-05,0.0,7.797121274755722e-06,2.9269775304130528e-06,4.4694096729958645e-06,1.1138433068626615e-05,5.583320571258338e-06,3.2115861696510117e-06,8.933805082910735e-06,0.0,0.0,5.039807245112996e-06,4.2446484459274505e-06,2.4553411803991342e-05,4.858566356006047e-06,0.0,0.0
Kondoaceae,0.0,0.0,0.0,0.0,0.0,0.0,0.0,0.0,0.0,0.0,0.0,0.0,0.0,0.0,0.0,0.0,0.0,0.0,0.0,0.0,0.0,0.0,0.0,0.0,0.0,0.0,0.0,0.0,0.0,0.0,0.0,0.0,1.227670590199567e-11,0.0,0.0,0.0
Dipodascaceae,0.0,0.0,0.0,0.0,0.0,9.219358168381311e-07,0.0,1.0891418318213559e-06,0.0,0.0,0.0,1.8497905899811612e-06,0.0,0.0,2.267447650417826e-05,2.128073675416606e-06,1.61943414355017e-05,5.219801382003043e-06,4.318748393193043e-06,1.8342545242487257e-06,0.0,0.0,0.0,0.0,0.0,0.0,0.0,0.0,0.0,0.0,0.0,0.0,0.0,0.0,2.9182562858847164e-06,0.0
Elsinoaceae,0.0,0.0,0.0,0.0,0.0,0.0,0.0,0.0,0.0,0.0,0.0,0.0,0.0,0.0,0.0,0.0,0.0,0.0,2.5165006267901715e-06,0.0,0.0,0.0,0.0,0.0,0.0,0.0,0.0,0.0,0.0,0.0,0.0,0.0,0.0,0.0,0.0,0.0
Clavicipitaceae,0.0,7.798161911012629e-07,1.015732465174236e-06,3.129025420978464e-06,3.450443255983375e-06,5.2381146458668336e-06,6.163420246182869e-06,3.0940601701839183e-06,1.069676365054163e-06,0.0,1.6806558155285047e-05,1.4451055735958852e-05,4.062891740005051e-06,8.04377764549571e-06,0.00013956408975103552,3.9295636930528036e-05,7.705883152032282e-05,5.004631113832997e-05,5.5209616866293166e-05,2.4751272123891238e-05,1.8005752754688416e-06,8.707197232652348e-06,1.4527168143089427e-06,5.545640950888909e-06,4.146168402998943e-06,2.771112381036756e-06,6.375894834554035e-06,3.3255180621095263e-06,3.432172220813397e-06,0.0,7.504067916249245e-06,3.160054409791942e-06,9.1397577720582e-06,6.028506339276267e-06,2.0725630667966484e-06,0.0
Schizophyllaceae,0.0,0.0,1.9079678953704794e-06,1.4694026851846557e-06,0.0,0.0,1.4471832345853146e-06,0.0,6.027890905140589e-06,0.0,0.0,0.0,0.0,0.0,5.7977557211876294e-05,5.1101684771998115e-05,3.888766355634313e-05,4.178123590941006e-05,2.880739327099026e-06,4.894018972942218e-06,1.6911145092734142e-06,1.635573672020969e-05,1.3644030971732724e-06,0.0,5.1921521154782205e-06,0.0,0.0,2.0822352064563993e-06,0.0,0.0,4.698586540511014e-06,0.0,2.2891020353551514e-05,6.7944248786436954e-06,0.0,9.055286756196412e-06
Metschnikowiaceae,0.0,1.1828220189131889e-05,7.703294307318688e-06,7.910154999572702e-06,1.090337137766204e-05,2.151811711863478e-05,1.3633448934115661e-05,1.1732644624778617e-05,1.352067290701659e-05,3.016670795362823e-06,2.249304607071721e-05,3.653217069203396e-05,1.0270962707574878e-05,1.1619780127316508e-05,0.00015266123239404886,3.056587787990356e-05,8.141071144923413e-05,6.560126971279313e-05,7.753863124271638e-05,3.622534341747972e-05,1.8207368239153566e-05,2.201173543057789e-05,1.4689832936001963e-05,1.4019342636018466e-05,3.4938285152268165e-06,1.7513383167386684e-05,6.0443320543389355e-06,5.604591374000227e-06,4.338254024694369e-06,7.749667442621847e-06,2.2131938144286084e-05,1.0651461429896146e-05,2.3105245534541544e-05,1.219201844507101e-05,2.0957701391412346e-05,6.093353657347692e-06
Leucosporidiaceae,0.0,0.0,0.0,0.0,0.0,0.0,0.0,0.0,0.0,0.0,0.0,0.0,0.0,0.0,0.0,0.0,4.558471017581525e-06,0.0,4.052215699540398e-06,0.0,0.0,0.0,0.0,0.0,0.0,0.0,0.0,0.0,0.0,0.0,0.0,0.0,0.0,0.0,0.0,0.0
Coccocarpiaceae,0.0,0.0,0.0,0.0,0.0,0.0,0.0,0.0,0.0,0.0,0.0,0.0,0.0,0.0,0.0,0.0,0.0,0.0,0.0,0.0,0.0,0.0,0.0,0.0,0.0,0.0,0.0,0.0,0.0,0.0,0.0,0.0,0.0,0.0,0.0,0.0
Phanerochaetaceae,0.0,0.0,0.0,0.0,1.0783893996821678e-06,8.185509642315246e-07,0.0,0.0,0.0,1.4918073022417765e-06,1.2359206060143916e-06,0.0,0.0,2.873113113804283e-06,3.0197679057953672e-05,5.668301612173381e-06,1.0064828254325534e-05,1.6220605401211283e-05,9.586121932125212e-06,9.771379625660716e-06,0.0,9.675793063245466e-06,9.08054007596965e-07,0.0,0.0,0.0,0.0,0.0,0.0,0.0,1.563529996007607e-06,0.0,7.617353996443762e-06,1.507302534749721e-06,0.0,0.0
Cyphellophoraceae,0.0,1.958721549304212e-06,0.0,1.964850688639823e-06,0.0,8.223098077202093e-07,0.0,0.0,0.0,0.0,4.966384160787227e-06,3.2997979177917726e-06,0.0,0.0,3.0336348920015282e-05,1.1388661702163893e-05,1.444435236029116e-05,1.862296178271258e-05,3.85205683078702e-06,6.54416699122437e-06,0.0,3.645084369081252e-06,0.0,0.0,6.9428236129417875e-06,1.7401015772111507e-06,1.0009251820372804e-06,0.0,0.0,0.0,1.5707098355065122e-06,0.0,0.0,0.0,0.0,0.0
Cladoniaceae,0.0,0.0,0.0,0.0,0.0,0.0,0.0,0.0,0.0,0.0,0.0,0.0,0.0,0.0,4.093360658540619e-06,4.6101032020674455e-06,3.5082237128169177e-06,1.8846326722074454e-06,0.0,0.0,0.0,9.836809955475047e-07,0.0,0.0,0.0,0.0,8.1034427177045e-07,0.0,0.0,0.0,0.0,0.0,0.0,0.0,0.0,0.0
Nannizziopsiaceae,0.0,0.0,0.0,0.0,0.0,0.0,0.0,0.0,0.0,0.0,0.0,0.0,0.0,0.0,0.0,0.0,0.0,0.0,0.0,0.0,0.0,3.8985606373778615e-12,0.0,0.0,0.0,0.0,0.0,0.0,0.0,0.0,0.0,0.0,0.0,0.0,0.0,0.0
Mycosphaerellaceae,0.0,7.513060133907684e-07,0.0,2.2609708944813677e-06,8.310736544925446e-07,6.308260647153857e-06,6.680345432949055e-06,1.4904704712332548e-06,1.030568863044821e-06,1.1496790925783786e-06,2.85743087331649e-06,5.062808482383738e-06,0.0,2.2141988932416462e-06,8.274560562024382e-05,3.2034524515180663e-05,6.205263962444311e-05,6.071721476974761e-05,4.137089160723077e-05,2.384636251202949e-05,3.469492035327116e-06,6.524669674619059e-06,2.799210610907823e-06,7.480048271471526e-06,2.6630559775928886e-06,8.009400494933453e-06,4.607093490053172e-06,2.135957803230635e-06,2.48001868060246e-06,1.476732337998801e-06,7.229718252462765e-06,1.0148408081336373e-06,8.805607082080522e-06,3.484862035039087e-06,0.0,0.0
Atheliaceae,0.0,0.0,0.0,0.0,0.0,0.0,0.0,0.0,0.0,0.0,0.0,0.0,0.0,0.0,7.784270252571986e-07,0.0,0.0,0.0,0.0,0.0,0.0,0.0,0.0,0.0,0.0,0.0,0.0,0.0,0.0,0.0,0.0,0.0,0.0,0.0,0.0,0.0
Strophariaceae,0.0,0.0,0.0,0.0,0.0,0.0,0.0,0.0,0.0,0.0,0.0,0.0,0.0,0.0,0.0,0.0,0.0,0.0,0.0,0.0,0.0,7.272792653204392e-07,5.460297442904478e-07,0.0,0.0,0.0,0.0,0.0,0.0,0.0,0.0,0.0,0.0,0.0,0.0,0.0
Bondarzewiaceae,0.0,2.268627327296429e-06,1.477475367921165e-06,0.0,0.0,9.524143449387266e-07,0.0,1.1251480692626436e-06,3.1118833653581657e-06,0.0,0.0,0.0,0.0,3.3429734540570287e-06,2.9280097773806193e-05,6.595278733733516e-06,2.342160043208477e-05,1.887327477795822e-05,6.692284614722228e-06,7.5795745832053725e-06,0.0,5.629071685686188e-06,1.056554448783021e-06,1.6133279549881813e-06,0.0,0.0,0.0,0.0,0.0,0.0,5.4576750697655005e-06,0.0,4.431536662778494e-06,0.0,3.014731717893768e-06,0.0
Sclerotiniaceae,0.0,1.9814581693997173e-05,3.8713572775433435e-06,0.00010037675198241979,1.2055084199969622e-05,1.830081193061735e-05,0.00010962572560460934,1.0809960664230436e-05,1.0871890049664975e-05,1.364448633857378e-05,5.024033391200945e-06,1.1683355606950634e-05,2.2367632180360233e-05,1.313914758681287e-05,0.00013980312045691045,0.00013633017678607655,0.00012127977249654357,9.184078329430118e-05,3.701932520787827e-05,5.296104758242417e-05,6.8627029611140585e-06,0.000279012971542598,1.753344410365577e-05,1.690930097439263e-05,1.931439160992119e-05,1.0561802887118375e-05,1.9238332376847285e-05,1.4083179700649859e-05,1.308136281983347e-05,1.1683987495076353e-05,1.2711539673115586e-05,1.0705968402096194e-05,4.644696509366937e-05,2.4508817891288533e-05,3.4230541679643064e-05,1.2249070636497198e-05
Unikaryonidae,0.0,0.0,0.0,1.2355747100370302e-05,4.087483978488484e-05,2.0684018548765185e-05,2.433782139466413e-05,0.0,0.0,0.0,0.0,0.0,0.0,0.0,0.00019076678822031878,2.3872114832471187e-05,5.4499031144989956e-05,5.8554221798488445e-05,0.0,6.172840979240051e-05,0.0,6.11245639976961e-05,3.4418515322468726e-05,0.0,0.0,0.0,2.5176830966644043e-05,0.0,0.0,0.0,0.0,1.6637697198633234e-05,0.0,1.9044063808924713e-05,0.0,0.0
Schizosaccharomycetaceae,0.0,1.186487978797514e-05,3.0908677541092508e-06,4.7608027246778275e-06,7.874758484366248e-06,3.984887804206384e-06,1.1722031604726552e-05,0.0,6.510037430991371e-06,1.815612278494564e-05,0.0,7.995359142930294e-06,8.242236676934609e-06,0.0,0.00017967767307627573,9.198183518570456e-05,0.00011899470142961778,0.0001071674750196672,6.533431742756952e-05,6.738976398892409e-05,2.7395698417685017e-06,8.831982855661997e-06,1.7682433952446715e-05,3.375070380964933e-06,4.205588465901727e-06,8.432478231450617e-06,2.4252261820161364e-06,3.3731771230130742e-06,5.222039664766415e-06,4.664211747832267e-06,2.283483332690557e-05,6.410684316551273e-06,9.270742558237915e-06,7.337883345617356e-06,2.522718755640312e-05,0.0
Valsaceae,0.0,0.0,0.0,0.0,0.0,0.0,0.0,0.0,0.0,0.0,0.0,0.0,0.0,0.0,0.0,0.0,0.0,0.0,0.0,0.0,0.0,0.0,0.0,0.0,0.0,0.0,0.0,0.0,0.0,0.0,0.0,0.0,0.0,0.0,0.0,0.0
Glomeraceae,0.0,3.142394232273652e-06,0.0,3.1522272644899297e-06,0.0,0.0,0.0,0.0,0.0,0.0,0.0,0.0,5.457357650787843e-06,0.0,1.6222957249565884e-05,1.827093027026141e-05,0.0,0.0,0.0,0.0,0.0,0.0,0.0,0.0,0.0,0.0,0.0,0.0,0.0,6.176544708588428e-06,0.0,0.0,0.0,0.0,0.0,0.0
Entomophthoraceae,0.0,0.0,0.0,0.0,0.0,0.0,0.0,0.0,0.0,0.0,0.0,0.0,0.0,0.0,0.0,0.0,0.0,0.0,0.0,0.0,0.0,0.0,0.0,0.0,0.0,0.0,0.0,0.0,0.0,0.0,0.0,0.0,0.0,0.0,0.0,0.0
Cunninghamellaceae,0.0,0.0,0.0,0.0,0.0,0.0,0.0,0.0,0.0,0.0,0.0,0.0,0.0,0.0,0.0,1.5446554839699567e-06,3.5263833103991423e-06,3.7887761702453903e-06,4.702124602048459e-06,2.662775582074558e-06,0.0,0.0,0.0,0.0,0.0,0.0,0.0,0.0,0.0,0.0,0.0,0.0,0.0,0.0,0.0,0.0
Ascoideaceae,0.0,0.0,0.0,1.4953568600139442e-06,1.6489619925523455e-06,1.2516438212232716e-06,4.41823483655e-06,0.0,2.04478733826117e-06,2.2811180658246004e-06,0.0,0.0,2.5888670187540197e-06,0.0,2.3087590180567192e-05,4.333691486373968e-05,1.3191513135507912e-05,2.125961057745919e-05,8.794866155048862e-06,9.96092482750278e-06,0.0,0.0,2.777005312095139e-06,6.360609677495919e-06,0.0,5.297242880893052e-06,1.5235155994029025e-06,6.357041670464568e-06,0.0,0.0,2.3907890214721454e-06,0.0,0.0,0.0,3.961899930843978e-06,0.0
Tricholomataceae,0.0,4.173576573592734e-06,6.040222854314343e-07,7.44290903659661e-06,4.103727492599244e-06,1.5574662070123062e-06,2.7488856397844467e-06,3.219885529737883e-06,3.1805046350525633e-06,7.096196700461595e-07,1.1758000799771412e-06,4.687397345878652e-06,1.6107109817461513e-06,2.7333524601459005e-06,1.5162387011460713e-05,7.190094527102563e-06,1.5730737395408972e-05,7.715782484412995e-06,2.735943444816763e-06,3.098685813481532e-06,2.1414843578785532e-06,7.4791605053937175e-06,3.887470492053913e-06,6.595616141428492e-07,8.218627773319648e-07,6.591553153887009e-06,1.8957662089579781e-06,6.591916306670203e-07,1.0204992849442763e-06,0.0,5.206155960926252e-06,1.2527861106042925e-06,5.435109703637678e-06,2.867961634888111e-06,0.0,5.733424566510014e-06
Harpellaceae,0.0,0.0,0.0,0.0,0.0,0.0,0.0,0.0,0.0,0.0,0.0,0.0,0.0,0.0,1.7248032633859117e-06,0.0,0.0,0.0,0.0,0.0,0.0,0.0,0.0,0.0,0.0,0.0,0.0,0.0,0.0,0.0,0.0,0.0,0.0,0.0,0.0,0.0
Chaetosphaeriaceae,0.0,0.0,0.0,0.0,0.0,0.0,0.0,0.0,0.0,0.0,0.0,0.0,0.0,0.0,0.0,0.0,0.0,0.0,0.0,0.0,0.0,0.0,0.0,0.0,0.0,0.0,0.0,0.0,0.0,0.0,0.0,0.0,0.0,0.0,0.0,0.0
Trichomonascaceae,0.0,0.0,2.915840491523152e-06,4.491211679410691e-06,0.0,5.638852001141485e-06,0.0,4.441024697327023e-06,3.0706960395473855e-06,3.4255983883508037e-06,0.0,0.0,0.0,0.0,0.00010786556144228239,2.6031947743074448e-05,3.631823468157195e-05,4.25679487745899e-05,3.0817308179565736e-05,2.2437765418715123e-05,0.0,0.0,4.170281698293381e-06,6.367899024779934e-06,0.0,0.0,0.0,3.182163464381414e-06,0.0,0.0,0.0,0.0,0.0,1.384471875432312e-05,0.0,0.0
Lobariaceae,0.0,0.0,0.0,0.0,0.0,0.0,0.0,0.0,0.0,0.0,0.0,0.0,0.0,0.0,5.407652416521961e-12,0.0,0.0,0.0,0.0,0.0,0.0,0.0,0.0,0.0,0.0,0.0,0.0,0.0,0.0,0.0,0.0,0.0,0.0,0.0,0.0,0.0
Phacidiaceae,0.0,0.0,0.0,3.1522272644899302e-12,0.0,0.0,0.0,0.0,0.0,0.0,0.0,0.0,0.0,0.0,0.0,0.0,0.0,0.0,0.0,0.0,0.0,0.0,2.9269775304130533e-12,0.0,0.0,0.0,0.0,0.0,3.4576219094729445e-12,0.0,0.0,0.0,0.0,0.0,0.0,0.0
Herpotrichiellaceae,0.0,1.4997153773371244e-05,1.0341642444635157e-05,1.7698920190007612e-05,7.80679113673715e-06,1.9258658650432342e-05,2.0917544926922816e-05,8.750571926967966e-06,1.089087026175697e-05,1.4849518679341003e-05,1.453921265159873e-05,1.932048028538835e-05,1.0724565614033477e-05,1.5599509322630526e-05,0.0004357023676413566,0.00018465557116649673,0.0002979550660603556,0.0002642083431652978,0.00015440804143691838,0.00011200184875070116,1.0184716903533055e-05,6.01958064616442e-05,1.2325651998264662e-05,2.383982262015671e-05,2.0325288105602573e-05,1.88093186615945e-05,1.442576376146742e-05,1.254023662385801e-05,1.456022260332307e-05,0.0,3.6786335608426944e-05,9.533030175254966e-06,3.4465224066066214e-05,3.0007517876536667e-05,1.6412452032789436e-05,1.3633839043193656e-05
Ordosporidae,0.0,0.0,0.0,0.0,0.0,0.0,0.0,0.0,0.0,0.0,0.0,0.0,0.0,0.0,8.470815431572954e-05,0.0,3.629965454172161e-05,8.775147836256002e-05,0.0,0.0,0.0,4.580174315631677e-05,1.1462407585932114e-05,0.0,0.0,2.1864976893639152e-05,0.0,0.0,0.0,0.0,0.0,0.0,0.0,0.0,0.0,0.0
Morosphaeriaceae,0.0,0.0,0.0,0.0,0.0,0.0,0.0,0.0,0.0,0.0,0.0,0.0,0.0,0.0,0.0,0.0,0.0,0.0,0.0,0.0,0.0,0.0,0.0,0.0,0.0,0.0,0.0,0.0,0.0,0.0,0.0,0.0,0.0,0.0,0.0,0.0
Arthrodermataceae,0.0,4.862774717136453e-06,1.5834751212489788e-06,1.2194977707602094e-06,2.689532549397134e-06,4.082976821341057e-06,0.0,0.0,1.6675709105751155e-06,1.8603040321010735e-06,3.082419670784996e-06,6.1441251917599094e-06,2.11128035226034e-06,1.7914055998588812e-06,6.485357968309819e-05,4.0054546272736796e-05,6.0961892990647154e-05,3.4675398762272554e-05,2.151724439231814e-05,2.0308405884024882e-05,1.403502521774696e-06,1.2065845784694985e-05,1.1323557199107984e-06,5.187222882910876e-06,2.1545550427103966e-06,6.480034355509185e-06,3.7273856031387424e-06,1.7281043638169881e-06,1.337645371650006e-06,0.0,5.849229625394053e-06,0.0,9.498944221704135e-06,9.39813399082231e-06,0.0,3.757615976926108e-06
Enterocytozoonidae,0.0,1.506966249755791e-05,0.0,7.558408888291059e-06,0.0,6.326540531081218e-06,7.444115036376736e-06,2.242184266171205e-05,1.033555213839332e-05,0.0,1.9104740324847753e-05,3.8081094999641946e-05,1.3085649324517419e-05,0.0,0.00012966466139757225,0.00017524010823431055,4.445175275530395e-05,0.00014327802176378215,0.0,2.5174172388219767e-05,0.0,0.00014956746655951078,0.00024564068177516767,0.0004286699271761076,0.00032049274792818067,0.0006426087911725133,0.00010010961532105772,0.0,1.658136801702909e-05,0.0,0.00029002673231734514,0.0001526672373980637,0.0003826820269910731,0.00018639788593050066,0.0,0.00023289585827678737
Talbotiomycetaceae,0.0,0.0,0.0,0.0,3.476028425069501e-12,0.0,0.0,0.0,0.0,0.0,0.0,0.0,0.0,0.0,0.0,0.0,0.0,0.0,0.0,0.0,0.0,0.0,0.0,0.0,0.0,0.0,0.0,0.0,0.0,0.0,0.0,0.0,0.0,0.0,0.0,0.0
Cantharellaceae,0.0,0.0,0.0,0.0,0.0,0.0,0.0,0.0,0.0,0.0,0.0,0.0,0.0,0.0,0.0,0.0,0.0,0.0,0.0,0.0,0.0,0.0,0.0,0.0,0.0,0.0,0.0,0.0,0.0,0.0,0.0,0.0,0.0,0.0,0.0,0.0
Didymosphaeriaceae,0.0,7.328222822247988e-07,9.545215805376203e-07,0.0,0.0,6.153063973829466e-07,2.171998226630056e-06,0.0,0.0,0.0,0.0,0.0,0.0,1.0798624377581113e-06,2.269965576049386e-05,1.2782620985148047e-05,1.1889038125155282e-05,6.96746373175938e-06,8.647088440926356e-06,4.896777075304855e-06,8.460337818987901e-07,4.545820626726214e-06,0.0,0.0,2.5975391177615623e-06,0.0,0.0,1.041704341640356e-06,8.063349762887976e-07,0.0,5.87654312976596e-06,9.898735586514465e-07,8.588970357287425e-06,1.1330423308385567e-06,0.0,0.0
Chaetomiaceae,0.0,4.684505403489147e-06,1.0169499504937792e-06,1.0181521864459601e-05,9.50009239767475e-06,4.588844046912587e-06,2.314052960227394e-06,7.744421992934841e-07,2.1419170180793567e-06,5.973684297156381e-06,1.583689690878558e-05,1.1837763143369341e-05,2.7118410903937985e-06,1.1504884488831327e-06,0.00020422277909377338,8.473820444740517e-05,0.00010939348741774163,9.093365200851828e-05,4.14568444920137e-05,4.173631947854387e-05,4.506833738287228e-06,2.9058779741987973e-05,5.090603284486328e-06,1.5546406711128368e-05,8.302276232640392e-06,5.548867827562491e-06,9.575305740435835e-06,2.219669413998257e-06,8.590715295891383e-07,1.5346078458854928e-06,1.3773947919912882e-05,7.382298325084439e-06,3.355261411756317e-05,3.621439365272307e-06,8.300189195242625e-06,4.8264823746590375e-06
Mucoraceae,0.0,0.0,0.0,0.0,0.0,0.0,0.0,0.0,0.0,1.1448611511848254e-06,0.0,0.0,0.0,0.0,1.2874819525374915e-06,0.0,0.0,0.0,0.0,1.2498121026407679e-06,0.0,0.0,0.0,0.0,0.0,0.0,0.0,0.0,0.0,0.0,0.0,0.0,0.0,0.0,0.0,0.0
Pleistophoridae,0.0,0.0,0.0,0.0,0.0,0.0,0.0,0.0,5.290404451990027e-06,0.0,0.0,0.0,0.0,0.0,3.318538249037037e-05,0.0,0.0,0.0,0.0,0.0,0.0,0.0,0.0,0.0,0.0,0.0,0.0,0.0,0.0,0.0,0.0,0.0,0.0,0.0,0.0,0.0
Hydnaceae,0.0,0.0,0.0,0.0,0.0,0.0,0.0,0.0,0.0,0.0,0.0,0.0,0.0,0.0,0.0,0.0,0.0,0.0,0.0,0.0,0.0,0.0,0.0,0.0,0.0,0.0,0.0,0.0,0.0,0.0,0.0,0.0,0.0,0.0,0.0,0.0
Roccellaceae,0.0,0.0,0.0,0.0,0.0,0.0,0.0,0.0,0.0,0.0,0.0,0.0,0.0,0.0,0.0,6.090310090087136e-12,0.0,0.0,0.0,0.0,0.0,0.0,0.0,0.0,0.0,0.0,0.0,0.0,0.0,0.0,0.0,0.0,0.0,0.0,0.0,0.0
Saccotheciaceae,0.0,0.0,0.0,0.0,1.182049176502808e-06,3.588935475369557e-06,2.1114579449488263e-06,1.0599598384566683e-06,1.4657943604714449e-06,0.0,0.0,5.400684312132903e-06,0.0,0.0,0.00011952929313755565,1.863949493980698e-05,4.570526811850144e-05,3.5559610030532175e-05,2.101516861917182e-05,7.140433219646975e-06,0.0,1.1931609425144336e-05,9.953403587019848e-07,0.0,0.0,0.0,0.0,1.5190032488126291e-06,0.0,4.200759426340853e-06,1.7138237307997822e-06,0.0,4.174784647030323e-06,1.6521914259048008e-06,0.0,3.3029433848160095e-06
Fomitopsidaceae,0.0,0.0,0.0,0.0,0.0,0.0,0.0,0.0,0.0,0.0,0.0,0.0,0.0,0.0,1.2854234307546984e-06,0.0,0.0,0.0,0.0,0.0,0.0,0.0,0.0,0.0,0.0,0.0,0.0,0.0,0.0,0.0,0.0,0.0,0.0,0.0,0.0,0.0
Phycomycetaceae,0.0,5.225749781883056e-07,0.0,0.0,5.780577941992729e-07,8.775489910468698e-07,1.0325667886447268e-06,2.073409662940952e-06,7.168177700277298e-07,0.0,6.625005211741434e-07,1.7607319687970966e-06,0.0,2.3101470992855657e-06,2.5179942990138074e-05,5.064042617250683e-06,1.2331728719365449e-05,7.452739148292693e-06,1.0277052984094171e-05,1.134863528991363e-05,1.2066120145258016e-06,2.5932968169553436e-06,1.460254607843929e-06,7.432554573811422e-07,0.0,9.284970026286502e-07,0.0,1.4856770510817606e-06,5.749968210127757e-07,2.0542983965664377e-06,1.6762232657756725e-06,0.0,2.0415959439684156e-06,1.615943143886978e-06,0.0,1.6152392009955323e-06
Savoryellaceae,0.0,0.0,0.0,0.0,0.0,0.0,0.0,0.0,0.0,0.0,0.0,0.0,0.0,0.0,0.0,0.0,0.0,0.0,0.0,0.0,0.0,0.0,0.0,0.0,0.0,0.0,0.0,0.0,0.0,0.0,0.0,0.0,0.0,0.0,0.0,0.0
Dothioraceae,0.0,0.0,0.0,0.0,0.0,0.0,0.0,0.0,0.0,0.0,0.0,0.0,0.0,0.0,0.0,0.0,4.634640340994961e-12,0.0,0.0,5.249432369691359e-12,0.0,0.0,0.0,0.0,0.0,0.0,0.0,0.0,0.0,0.0,0.0,0.0,0.0,0.0,0.0,0.0
Lichtheimiaceae,0.0,1.3417925766495644e-05,9.986985557331328e-06,6.729956254318599e-06,4.240723830510104e-06,8.047298548944207e-06,7.575074034361131e-06,4.753394608786138e-06,1.4461394920167663e-05,1.4666183613753633e-05,8.505365913421246e-06,6.4585047499980685e-06,9.986891853818736e-06,4.236901549564995e-06,5.937559162066272e-05,1.6717779588022954e-05,4.2406650643631814e-05,2.9615342584585083e-05,1.8848523423783788e-05,3.362236975043433e-05,1.2171359016951882e-05,1.6646732829148943e-05,1.1605381487670578e-05,1.9084240480203898e-05,8.492993434691605e-06,3.40580077382985e-06,7.83621325139388e-06,1.0899162917942581e-05,5.27283505603906e-06,1.8838324326561228e-05,6.148520113180845e-06,7.767650152237601e-06,1.4977472250594767e-05,1.3336667633015521e-05,7.641772609091706e-06,8.887238577663577e-06
Entylomataceae,0.0,0.0,0.0,0.0,0.0,0.0,0.0,0.0,0.0,0.0,0.0,0.0,0.0,0.0,0.0,0.0,0.0,0.0,0.0,0.0,0.0,0.0,0.0,0.0,0.0,0.0,0.0,0.0,0.0,0.0,0.0,0.0,0.0,0.0,0.0,0.0
Trichosporonaceae,0.0,4.37352651487602e-06,1.42416024415523e-06,4.38721194831968e-06,6.047340562559108e-06,0.0,2.160435543706231e-06,4.3381871097762286e-06,4.499385238103906e-06,5.019411436922945e-06,1.3861473072818177e-06,0.0,1.8988625091776541e-06,4.833511942638706e-06,9.219682226816135e-05,3.602462181680114e-05,6.934187752711961e-05,5.457668168154511e-05,4.30052773255107e-05,2.0091674497116157e-05,3.786884556493479e-06,1.2208376282070273e-05,3.055285132487724e-06,6.220442206116085e-06,5.813349880581774e-06,5.828072185054036e-06,6.704739871681371e-06,0.0,2.406127300035614e-06,0.0,7.0143110593790315e-06,4.430717747139366e-06,4.271623387214552e-06,5.071547491727932e-06,2.9059442564237693e-06,0.0
Myxotrichaceae,0.0,0.0,0.0,0.0,0.0,0.0,0.0,0.0,0.0,0.0,0.0,0.0,0.0,0.0,0.0,0.0,0.0,0.0,0.0,0.0,0.0,0.0,0.0,0.0,0.0,0.0,0.0,0.0,0.0,0.0,0.0,0.0,0.0,0.0,0.0,0.0
Mrakiaceae,0.0,0.0,0.0,0.0,0.0,4.941365029656888e-06,0.0,0.0,2.0181541415859693e-06,0.0,5.595682305247839e-06,0.0,0.0,0.0,2.278687610701548e-05,1.996047895560366e-05,2.820933851415005e-05,2.4479823429399306e-05,1.736062740940065e-05,1.4746776829916702e-05,0.0,0.0,0.0,2.092587743063483e-06,0.0,0.0,1.5036719267444351e-06,4.18282779678285e-06,0.0,0.0,0.0,3.974708053830028e-06,0.0,0.0,0.0,4.547601663132656e-06
Leptosphaeriaceae,0.0,4.928171665818607e-06,1.83402338435481e-06,1.1299640385779647e-05,2.3363165873520664e-06,8.275773340771235e-06,6.95548363291597e-06,8.38002953427022e-06,2.8971380769016723e-06,1.0773270293605222e-06,5.355211787750641e-06,9.488387599213269e-06,0.0,1.0374270226657857e-06,9.207664356885137e-05,3.684090482307654e-05,8.41062316201424e-05,5.0202471875335056e-05,4.015186937514575e-05,1.6465218526846577e-05,0.0,1.921560633209109e-05,2.623049572242427e-06,6.0079807629785045e-06,3.743195214927339e-06,2.5017832361126445e-06,5.0366843857644676e-06,1.0007684274022794e-06,3.0985935410782494e-06,2.7675960589818356e-06,9.032979652981743e-06,2.8529233248431202e-06,8.251449104965825e-06,3.265551307469718e-06,0.0,6.528257512822768e-06
Melampsoraceae,0.0,0.0,1.0365227873689012e-06,0.0,0.0,0.0,3.930984383399814e-07,3.946737922933281e-07,1.0915708274603436e-06,1.2177314912191924e-06,1.0088564657974272e-06,0.0,1.3820174161725844e-06,5.863157244331676e-07,8.216580585473138e-06,2.3134587706131783e-06,4.694692251314268e-06,9.457532280290759e-07,2.3474860066459078e-06,3.3234064102827536e-06,0.0,9.872687559854692e-07,3.706128663926479e-07,1.6977452468775239e-06,0.0,2.1208742664427745e-06,0.0,5.655976301778292e-07,0.0,0.0,1.2762772448848807e-06,5.374558946997702e-07,0.0,2.4607598589992283e-06,0.0,0.0
Tapinellaceae,0.0,0.0,4.0930566414491675e-12,0.0,0.0,0.0,0.0,0.0,0.0,0.0,0.0,0.0,0.0,0.0,0.0,0.0,0.0,0.0,0.0,0.0,0.0,0.0,0.0,0.0,0.0,0.0,0.0,0.0,0.0,0.0,0.0,0.0,0.0,4.858566356006047e-12,0.0,0.0
Dimargaritaceae,0.0,0.0,0.0,0.0,0.0,0.0,0.0,0.0,0.0,0.0,0.0,0.0,0.0,0.0,5.407652416521961e-12,0.0,0.0,0.0,0.0,0.0,0.0,0.0,0.0,0.0,0.0,0.0,0.0,0.0,0.0,0.0,0.0,0.0,0.0,0.0,0.0,0.0
Stereaceae,0.0,0.0,7.893669122068264e-07,0.0,6.70369864138697e-07,0.0,5.987304943935023e-07,6.011299250687172e-07,0.0,0.0,0.0,0.0,0.0,0.0,1.7729188352914838e-05,3.5236423714566864e-06,1.6088653786518768e-05,7.202410930240864e-06,1.1918231501811425e-06,4.049519548339037e-06,2.7986002104382615e-06,2.2555720885077755e-06,2.257930361269454e-06,8.619485196547292e-07,0.0,0.0,6.193708223705392e-07,0.0,0.0,0.0,9.719526094278324e-07,0.0,4.735251074609395e-06,2.8109981303615167e-06,0.0,0.0
Peltigeraceae,0.0,0.0,0.0,0.0,0.0,0.0,0.0,0.0,0.0,0.0,0.0,0.0,0.0,0.0,5.407652416521961e-12,0.0,0.0,0.0,0.0,0.0,0.0,0.0,0.0,0.0,0.0,0.0,3.2115861696510118e-12,0.0,0.0,0.0,0.0,0.0,0.0,0.0,0.0,0.0
Physalacriaceae,0.0,0.0,0.0,0.0,0.0,0.0,0.0,0.0,0.0,0.0,0.0,0.0,0.0,0.0,2.024350395603233e-06,0.0,0.0,0.0,0.0,0.0,0.0,7.297115421515013e-07,0.0,0.0,0.0,0.0,6.011273684291626e-07,0.0,0.0,0.0,0.0,0.0,0.0,9.094002320484992e-07,0.0,0.0
Cordycipitaceae,0.0,7.795128521183803e-06,7.2524096974245085e-06,1.563904134135314e-05,3.6954654382068423e-06,1.8700275297092845e-05,1.8703104779561123e-05,8.836733195805682e-06,4.582544031430877e-06,3.408120991992867e-06,3.388239450602874e-05,0.0001050577051026321,1.353770441564772e-05,1.640948717172085e-05,0.0003545235328197118,0.00012733740291362693,0.00019544635250410427,0.00012175845564881868,0.00012483031892633153,6.696986394871886e-05,1.2856249097554455e-05,2.6249586435608992e-05,7.260758625972427e-06,3.484475508943258e-05,1.578878321555223e-05,5.935788111716011e-06,1.3657317191278276e-05,1.899556843521102e-05,1.715418573849738e-05,8.755282257766737e-06,3.2147781108839125e-05,1.504202470088609e-05,3.915515364775636e-05,6.887041512995651e-06,8.878957993086203e-06,1.3768082711024152e-05
Pseudeurotiaceae,0.0,7.471176218326926e-06,5.56080949374602e-06,8.565205338870875e-06,1.2986923292243498e-05,1.702696743374023e-05,7.381226385830546e-06,1.0586866964538723e-05,1.1712270090743969e-05,8.166213178962124e-06,1.082476657763387e-05,3.0567118751267555e-05,4.819323009891338e-05,4.0891595558141816e-05,0.00011754902032736949,5.791988725026792e-05,0.00035890636098140084,5.834919050735036e-05,3.9880860957117385e-05,3.0310390898534942e-05,9.857572175084455e-06,0.00016816603535739038,8.947303493707278e-06,4.0986817664119643e-05,1.1349471149428764e-05,2.654916524658908e-05,1.1998930426138235e-05,2.882639604615906e-05,0.0001362278058439092,1.6782855192497258e-05,1.711765217922307e-05,2.1625355550330216e-05,2.5018621306291476e-05,2.475310411497359e-05,8.509963578046986e-06,3.958771372775535e-05
Hypocreaceae,0.0,5.8919143277654e-06,4.385362113371897e-06,6.754686890205232e-06,1.3034940982925832e-05,7.773987409081413e-06,1.7462934440954976e-05,5.009405052031853e-06,2.3091307828155446e-06,5.152027153602674e-06,1.3872008579809545e-05,2.2687832581379855e-05,1.1694189246504955e-05,1.3643344243415764e-05,0.00018829978998100363,0.00010766661402758547,0.00011917495177379199,0.00010603526161844748,8.276531496031472e-05,6.046144394253266e-05,4.858670261391577e-06,2.715034520353321e-05,7.05601689866774e-06,1.6760073334226e-05,2.983470952175099e-06,2.9910265902571604e-06,6.881882928075101e-06,1.1964765507427374e-05,3.7045478361127047e-06,0.0,1.754910583564989e-05,6.821669760510321e-06,1.644180793713602e-05,1.3013851681874464e-05,2.237040722417197e-06,5.2032730166341754e-06
Orbiliaceae,0.0,2.478654204013626e-06,3.2285166346723304e-06,4.9728205843103946e-06,3.6557570787186864e-06,2.774900683058786e-06,8.162707485128417e-07,8.195419783760315e-07,5.666629840533843e-06,1.2643125727269662e-06,1.0474475883903928e-06,1.391904153712813e-06,1.4348828190730588e-06,3.65246204438483e-06,3.27017221394534e-05,1.6013026578589272e-05,3.168278896286554e-05,2.55301931036742e-05,1.2998841836225698e-05,1.3802137956028431e-05,9.53858000366545e-07,1.0250340981189754e-05,2.3087380591207582e-06,4.700501276660795e-06,4.3928803821187e-06,4.4040053485879984e-06,2.5332313429043603e-06,1.174466128362101e-06,1.8181994255176158e-06,0.0,5.300391354346067e-06,1.116029682824105e-06,6.455737556816842e-06,3.832334530184062e-06,2.1958880469614837e-06,0.0
Amanitaceae,0.0,0.0,0.0,0.0,0.0,0.0,0.0,0.0,0.0,0.0,0.0,0.0,0.0,0.0,1.1589066293013187e-06,0.0,0.0,0.0,1.3244035359934906e-06,0.0,0.0,0.0,0.0,0.0,0.0,0.0,0.0,0.0,0.0,0.0,0.0,0.0,0.0,1.0412327430055512e-06,0.0,0.0
Boletaceae,0.0,0.0,0.0,0.0,0.0,0.0,0.0,0.0,0.0,0.0,0.0,0.0,0.0,0.0,0.0,0.0,0.0,0.0,0.0,0.0,0.0,0.0,0.0,0.0,0.0,0.0,0.0,0.0,0.0,0.0,0.0,0.0,0.0,0.0,0.0,0.0
Didymellaceae,0.0,0.0,0.0,0.0,0.0,0.0,0.0,0.0,0.0,0.0,0.0,0.0,0.0,0.0,0.0,0.0,1.1230969146906094e-06,0.0,0.0,0.0,0.0,0.0,0.0,0.0,0.0,0.0,0.0,0.0,0.0,0.0,0.0,0.0,0.0,0.0,0.0,0.0
Pneumocystidaceae,0.0,7.178716007993872e-06,0.0,0.0,3.970447221899545e-06,6.0275321750642625e-06,0.0,0.0,0.0,0.0,9.10090091405669e-06,6.046880972951806e-06,0.0,0.0,6.794500929641725e-05,7.652233239413377e-05,9.528941282714148e-05,4.265823092405178e-05,2.8235582586709086e-05,5.996094283485001e-06,4.143867074416665e-06,1.7812316079405316e-05,0.0,0.0,0.0,0.0,3.6683915739057587e-06,0.0,3.9494226243478906e-06,0.0,1.1513305547763468e-05,0.0,0.0,5.549632779609132e-06,0.0,0.0
Magnaporthaceae,0.0,4.665356516280032e-06,3.4724329943926138e-06,9.359910260873338e-06,5.897927563682278e-06,5.03642152138924e-06,4.609187577827492e-06,5.9498473336712455e-06,3.656848265353888e-06,2.039748213907579e-06,5.0696229563854e-06,5.6139875389805485e-06,1.1574668046914211e-06,3.928407732976046e-06,5.046468580839969e-05,5.5543595464560174e-05,4.521681805078406e-05,3.326765210818574e-05,2.359278916784028e-05,2.6720815897473225e-05,7.69441906431663e-07,1.5710283517997274e-05,1.862373448645993e-06,2.843790162247823e-06,7.087147677421136e-06,7.105095873915449e-06,9.536164692700073e-06,2.8421949278585026e-06,2.200011162624248e-06,0.0,9.620165958295833e-06,4.501298969325192e-06,1.562281286490489e-05,6.182804538737586e-06,0.0,2.060037054488624e-06
Cuniculitremaceae,0.0,0.0,2.1021040137984177e-06,0.0,1.7852118708596516e-06,2.7101284539340146e-06,1.5944344207808918e-06,0.0,4.427486680875055e-06,0.0,4.091991516139216e-06,8.15648446480877e-06,0.0,4.7562741608899716e-06,2.2218012298941118e-05,0.0,1.6661746566760773e-05,1.1508121273913706e-05,1.9043130810204652e-05,8.087979586755439e-06,0.0,8.008860547766059e-06,3.0064627753602873e-06,2.295390666665115e-06,2.8602273205648996e-06,0.0,1.649400135223299e-06,0.0,1.7757586886281288e-06,0.0,0.0,8.719832943419212e-06,0.0,0.0,0.0,0.0
Helotiaceae,0.0,2.7273802350372495e-06,1.7762446338089284e-06,1.3679573124876271e-06,0.0,5.725039165087203e-07,6.736359298307996e-07,0.0,0.0,1.0433871078651073e-06,8.644170227095799e-07,2.297366775741889e-06,0.0,1.004744103972658e-06,1.9947235681321227e-05,7.928950095290783e-06,1.307327565119599e-05,2.106905754185907e-05,8.045572124527414e-06,4.556143192734248e-06,7.871812412414971e-07,1.6918401132287734e-06,4.445723588721615e-06,3.879137594901136e-06,1.2084234167953703e-06,1.211483748246071e-06,6.968585093703774e-07,9.692403946550785e-07,0.0,1.3402030994404673e-06,0.0,1.842030219697774e-06,0.0,3.1626739526886363e-06,0.0,0.0
Ustilaginaceae,0.0,5.690050767539494e-06,5.558588061230321e-06,1.8550531371926095e-05,9.441262018425221e-06,1.911036126287874e-05,9.837703644085036e-06,7.055091814852046e-06,9.756326060311519e-06,1.9591082255096065e-05,1.2623849349091478e-05,2.156817020950913e-05,9.881841613213191e-06,1.6769337510176164e-05,0.0016278931483745315,0.00027294181864797646,0.0008664860399074533,0.0008047280996093896,0.00039165544622940377,0.0003968480923756041,8.211361892958974e-06,6.52982434229418e-05,2.3849944598298514e-05,4.0464636294024215e-05,3.781645754000607e-05,1.263740923068439e-05,2.3261356785803294e-05,1.0110484377441582e-05,4.695633984542158e-06,5.592050258827141e-06,3.194018616784159e-05,1.3450401472340691e-05,0.00012782187064806742,3.9589145189491394e-05,0.0,2.1984388458589475e-05
Tuberaceae,0.0,0.0,0.0,0.0,0.0,0.0,0.0,0.0,0.0,0.0,0.0,0.0,0.0,0.0,2.6004419433288765e-06,4.881199390008089e-07,7.429048199760158e-07,1.1972748695746502e-06,1.4858981810151897e-06,8.414522643939651e-07,0.0,3.124578473607096e-07,0.0,3.5820967154090396e-07,0.0,0.0,0.0,3.5800873252852004e-07,0.0,0.0,0.0,0.0,0.0,1.1681982090789353e-06,0.0,7.784595429507866e-07
Bionectriaceae,0.0,0.0,0.0,0.0,0.0,0.0,6.598211580006261e-07,0.0,0.0,0.0,1.6933795115796414e-06,0.0,0.0,0.0,0.0,0.0,2.9550396690710617e-06,0.0,1.313429228088787e-06,1.1156767121231467e-06,0.0,0.0,0.0,1.8997925634358033e-06,0.0,0.0,6.825674941816767e-07,0.0,0.0,0.0,0.0,2.70638142684524e-06,0.0,0.0,0.0,0.0
Blastocladiaceae,0.0,0.0,0.0,0.0,0.0,0.0,0.0,0.0,0.0,0.0,0.0,0.0,0.0,0.0,0.0,0.0,0.0,0.0,0.0,0.0,0.0,0.0,0.0,0.0,8.754880304937272e-07,0.0,0.0,0.0,0.0,0.0,0.0,0.0,0.0,0.0,0.0,0.0
Coleosporiaceae,0.0,0.0,0.0,0.0,0.0,0.0,0.0,0.0,0.0,0.0,0.0,0.0,0.0,0.0,0.0,0.0,0.0,0.0,0.0,0.0,0.0,0.0,0.0,0.0,0.0,0.0,0.0,0.0,0.0,0.0,0.0,0.0,0.0,0.0,0.0,0.0
Aspergillaceae,0.0003265381698820769,1.2120413544610737e-05,1.4471580435655946e-05,2.4316680345082716e-05,1.675907719182837e-05,3.731484422713916e-05,3.193197024522168e-05,2.204120777900663e-05,3.8793090114950894e-05,3.709430191501774e-05,6.530463121570183e-05,8.167555085405361e-05,3.33281755694438e-05,1.1906824373284018e-05,0.0005179651688920526,0.0001937983713902871,0.00031134209732427704,0.00028569274559836065,0.0001410309804720033,0.0002193467582355099,1.7491074504095736e-05,6.891956157626082e-05,5.174371438668027e-05,3.5914158608635105e-05,5.012191529574019e-05,3.589203500776737e-05,3.406505087871651e-05,4.594433591208041e-05,3.445202219782423e-05,1.5882216045333267e-05,4.53573299386101e-05,2.8650786231263405e-05,3.1568021387328994e-05,4.6849495254226855e-05,2.684427620414299e-05,3.746326920857265e-05
Microascaceae,0.0,1.4167699782359616e-06,0.0,0.0,1.567191240855242e-06,1.189575770788681e-06,6.998563305437381e-07,7.026610260845106e-07,0.0,1.0839995913379067e-06,8.980633288444433e-07,1.1933943918250198e-06,1.2302435513538764e-06,0.0,2.4380771571490967e-05,1.235636121758328e-05,1.2537356187085432e-05,8.418901211658722e-06,1.6717471069605936e-05,4.733485129125654e-06,0.0,2.6365391773455304e-06,0.0,0.0,1.2554597235244836e-06,1.2586391743888e-06,2.171948456187438e-06,2.0139336278824885e-06,0.0,0.0,0.0,1.9137288455385147e-06,0.0,0.0,1.8827161865486625e-06,2.1895637020107167e-06
Nectriaceae,0.0,6.828627959331731e-06,4.447239740620524e-06,4.5666638538197685e-06,8.812576332696997e-06,1.3856162509039158e-05,1.4617230633965884e-05,1.0724630114613098e-05,0.0,6.095509529560998e-06,0.00032752591748190973,1.150397938368619e-05,1.9765324507188004e-06,3.437999675550378e-05,0.00035057692915980765,0.0001510954928066296,0.00028787350425092065,0.0002610511280635346,0.00013429301875496786,0.00020438185743478998,5.912671541666864e-06,4.024117805036238e-05,5.247423549238598e-05,9.955127186082229e-05,4.840908546381599e-05,6.167567849489878e-05,3.2568603944621226e-05,9.706871045305491e-06,3.7568191478542648e-06,4.474011721800244e-06,0.00018253050657025393,0.0001644928543695794,5.557934158787093e-05,7.478570655384548e-05,1.2099229080654046e-05,7.035588530705995e-05
Lecanoraceae,0.0,0.0,0.0,0.0,0.0,0.0,0.0,0.0,0.0,0.0,0.0,0.0,0.0,0.0,5.407652416521961e-12,0.0,4.634640340994961e-12,0.0,0.0,0.0,0.0,0.0,0.0,0.0,0.0,0.0,0.0,0.0,0.0,0.0,0.0,0.0,0.0,0.0,0.0,0.0
Pezizaceae,0.0,0.0,0.0,0.0,0.0,0.0,0.0,0.0,0.0,0.0,0.0,0.0,0.0,0.0,0.0,0.0,0.0,0.0,0.0,0.0,0.0,0.0,0.0,0.0,0.0,0.0,0.0,0.0,0.0,0.0,0.0,0.0,0.0,0.0,0.0,0.0
Diatrypaceae,0.0,0.0,1.3596583357268676e-06,5.235637387553683e-07,5.773449328196864e-07,8.764667968602506e-07,0.0,0.0,1.4318675794481232e-06,0.0,0.0,2.6378409488797596e-06,0.0,7.690994079511458e-07,3.053793914710767e-05,1.5173392906340137e-05,1.53956515258453e-05,6.20295701985696e-06,4.10575172533063e-06,5.23137237364855e-06,6.025620097647857e-07,1.9425740707819944e-06,1.4584538205788128e-06,3.711694370491031e-06,0.0,1.8547039586187889e-06,5.334228535040602e-07,0.0,0.0,0.0,8.370780728859415e-07,0.0,4.078156492113853e-06,2.4209255420736793e-06,0.0,0.0
Lipomycetaceae,0.0,0.0,0.0,0.0,0.0,0.0,0.0,0.0,0.0,0.0,0.0,0.0,0.0,0.0,0.0,0.0,0.0,0.0,0.0,0.0,0.0,0.0,0.0,0.0,0.0,0.0,0.0,0.0,0.0,0.0,0.0,0.0,0.0,0.0,0.0,0.0
Lecanographaceae,0.0,0.0,0.0,0.0,0.0,0.0,0.0,0.0,0.0,0.0,0.0,0.0,0.0,0.0,0.0,0.0,0.0,0.0,0.0,0.0,0.0,0.0,2.9269775304130533e-12,0.0,0.0,0.0,0.0,0.0,0.0,0.0,0.0,0.0,0.0,0.0,0.0,0.0
Teratosphaeriaceae,0.0,7.867727967324328e-07,0.0,1.5784694583177892e-06,8.703060161660848e-07,2.6424214812171083e-06,7.773003817858825e-07,1.5608308734371482e-06,0.0,0.0,0.0,1.32545191906176e-06,2.732757397261909e-06,4.6374484556441406e-06,1.489327198028892e-05,3.0497066557295866e-06,6.9623516466841915e-06,1.3090717018074285e-05,4.64184436068591e-06,0.0,9.083189483455679e-07,9.760969595725902e-07,1.465676250245564e-06,2.2380450626156326e-06,1.3943852185407815e-06,1.3979164981232388e-06,0.0,0.0,0.0,0.0,0.0,1.0627482365673753e-06,0.0,2.4329142414821594e-06,0.0,2.4318544067396643e-06
Debaryomycetaceae,0.0,4.4094412728750206e-05,5.456249908613313e-05,4.8655629979990145e-05,4.877600348730989e-05,7.219563467560663e-05,6.53453017015114e-05,3.717739915901109e-05,2.4193778823842193e-05,4.385879426178544e-05,5.310614553186924e-05,5.1999150135549935e-05,5.7433670684310407e-05,6.82248564686556e-05,0.0007436314323544058,0.0003418395362367605,0.0004389779481318173,0.00037207284516331773,0.0002211279947983088,0.0001362721058289061,5.854238908442065e-05,0.00010120428845307695,7.187540933263167e-05,7.839404455959825e-05,6.642566691028877e-05,7.834575278222032e-05,5.407838569360211e-05,3.760803318548423e-05,4.851772128729914e-05,4.3334968735132106e-05,6.718315974938607e-05,8.040783872062556e-05,6.0293818643544637e-05,5.454073915270452e-05,2.929807444259274e-05,6.133160241248689e-05
Hymenochaetaceae,0.0,2.124852110495476e-06,0.0,7.105003659228457e-07,2.3504518495144657e-06,5.947031218861769e-07,6.997565936808259e-07,7.025608895230854e-07,1.943110960223121e-06,0.0,0.0,3.5796729618455056e-06,1.2300682287525437e-06,0.0,1.828297279198929e-05,8.236400204394591e-06,1.1490938692212571e-05,1.6835402859980305e-06,1.2536316491061001e-05,3.5496079184091995e-06,0.0,0.0,1.3194598180362672e-06,2.0147768175823494e-06,0.0,2.5169196102270906e-06,2.1716389307663294e-06,0.0,7.793351893049156e-07,0.0,2.2719078235070143e-06,9.56728059559275e-07,0.0,1.0951028857246124e-06,0.0,2.1892516662324374e-06
Piskurozymaceae,0.0,0.0,0.0,0.0,0.0,0.0,0.0,0.0,0.0,0.0,0.0,0.0,0.0,0.0,0.0,0.0,3.5852927129172296e-06,0.0,0.0,2.030443598344659e-06,0.0,0.0,0.0,0.0,0.0,0.0,0.0,0.0,0.0,0.0,0.0,0.0,0.0,0.0,0.0,0.0
Cronartiaceae,0.0,0.0,0.0,0.0,0.0,0.0,0.0,0.0,0.0,0.0,0.0,0.0,0.0,0.0,0.0,0.0,0.0,0.0,0.0,0.0,0.0,0.0,0.0,0.0,0.0,0.0,0.0,0.0,0.0,0.0,0.0,0.0,0.0,0.0,0.0,0.0
Gymnoascaceae,0.0,0.0,0.0,0.0,0.0,0.0,0.0,0.0,0.0,0.0,0.0,0.0,0.0,0.0,0.0,0.0,4.634640340994961e-12,0.0,0.0,0.0,0.0,0.0,0.0,0.0,0.0,0.0,0.0,0.0,0.0,0.0,0.0,0.0,0.0,0.0,0.0,0.0
Rhizopodaceae,0.0,1.4974585510008364e-06,1.950481771039308e-06,3.004288655719093e-06,2.4846700177762753e-06,3.1433126714205412e-06,7.397148886156339e-07,7.426793185407465e-07,2.0540686868680924e-06,1.1457360632044752e-06,9.492102682701049e-07,1.2613611695667834e-06,1.3003089803485911e-06,2.206604903464781e-06,7.988488310365983e-05,8.706724473633883e-06,4.41712993115751e-05,3.381383855654649e-05,1.914203699583518e-05,1.1256904971128592e-05,0.0,3.7155955182700067e-06,4.881817883545955e-06,3.1947403339862087e-06,2.65392255243818e-06,0.0,4.5912926417322205e-06,1.0643160776090689e-06,8.23837671494493e-07,0.0,2.4016408816820953e-06,7.079521614834522e-06,2.925135561008902e-06,1.1576366931755255e-06,1.989941554355432e-06,0.0
Punctulariaceae,0.0,1.6497342122325451e-06,0.0,1.6548964829274737e-06,0.0,6.92590850053338e-07,2.4448081549196406e-06,1.6364038653294753e-06,1.1314728493610166e-06,0.0,2.0914697814119996e-06,2.7792564595863953e-06,0.0,0.0,1.135591340866665e-05,1.278947474576049e-05,1.581549197332962e-05,1.3724549080156133e-05,4.866595211149971e-06,2.7559139735356525e-06,1.9045966649179623e-06,9.210222441699607e-06,7.683210019871615e-07,1.1732038536567444e-06,0.0,0.0,1.6860594782127755e-06,0.0,0.0,0.0,0.0,0.0,6.44518168090748e-06,1.2753560736562567e-06,0.0,0.0
Lasiosphaeriaceae,0.0002624731705883166,1.623742472457057e-06,0.0,0.0,1.7961384129608613e-06,1.3633580135855492e-06,0.0,2.4159332199026597e-06,0.0,1.2423584658202739e-06,1.0292592251400925e-06,0.0,1.4099668517022991e-06,0.0,1.1176999772735195e-05,7.867484498080528e-06,1.1974090152258511e-05,7.71903847697919e-06,7.983202467815115e-06,6.781235631908195e-06,0.0,3.0217047991681262e-06,2.268648066137327e-06,0.0,0.0,1.442510722522525e-06,8.297477149843335e-07,0.0,8.933136858590657e-07,0.0,0.0,0.0,3.1718185754992577e-06,2.5105254033609502e-06,0.0,0.0
Mixiaceae,0.0,0.0,0.0,2.07381851644539e-06,0.0,0.0,0.0,0.0,5.671579751524401e-06,0.0,0.0,0.0,0.0,0.0,1.778819985192049e-05,2.8047274968394243e-05,1.5245415621667388e-05,9.827882393134796e-06,1.6262745720624954e-05,0.0,2.386728034541425e-06,2.5648237131746242e-06,1.925628988800842e-06,0.0,0.0,0.0,0.0,0.0,0.0,0.0,0.0,0.0,8.07672096086407e-06,0.0,0.0,0.0
Tilletiariaceae,0.0,0.0,0.0,6.046937246038211e-06,3.3340435172020343e-06,1.265352078108301e-06,1.4888747467404204e-06,0.0,2.067182263744639e-06,0.0,0.0,0.0,0.0,0.0,6.483458374706212e-05,2.9207699694226695e-05,2.6671978523561678e-05,3.58207502377022e-05,1.4818648853711835e-05,2.0140037791330836e-05,1.739833371843192e-06,7.4786332158424765e-06,5.614839274551986e-06,4.286848242811474e-06,2.670865713900255e-06,5.355259358873748e-06,3.080402902242256e-06,6.426665279649484e-06,1.6581944251482205e-06,0.0,7.250920282612849e-06,0.0,1.766286119668004e-05,0.0,0.0,0.0
Collemataceae,0.0,0.0,0.0,0.0,0.0,0.0,0.0,0.0,0.0,0.0,0.0,0.0,0.0,0.0,0.0,6.090310090087136e-12,0.0,0.0,0.0,0.0,0.0,0.0,0.0,0.0,0.0,0.0,0.0,0.0,3.4576219094729445e-12,0.0,0.0,0.0,0.0,0.0,0.0,0.0
Pichiaceae,0.0,1.2626498743213325e-05,1.644636882551988e-05,1.2666008989141627e-05,2.7934158031315866e-06,4.2406818906544355e-06,1.2474480986734531e-05,1.0019578279102594e-05,0.0,7.728633264639808e-06,0.0,1.2762884324213272e-05,2.1928286021923174e-05,7.442394721842515e-06,0.00013037138829944807,5.873174682550879e-05,8.938806698123685e-05,7.202947360063271e-05,2.483149825456103e-05,2.5311382208285267e-05,5.830851349896138e-06,2.5063778685757612e-05,1.1760929844386138e-05,1.077515896116373e-05,4.47554955702109e-06,4.48688388311752e-06,7.742711907693278e-06,3.5897048655753114e-06,8.335871720884405e-06,0.0,8.100208330692362e-06,1.0233289200465557e-05,0.0,7.808909697946084e-06,6.711636731004996e-06,0.0
Pleosporaceae,0.0,6.050848846037698e-06,3.940700183528543e-06,3.0348914388101598e-05,6.693279400976954e-06,8.467550943959334e-06,1.693766428730205e-05,3.0009780868825063e-06,8.299968727221903e-06,6.172837065636818e-06,1.4063562644917352e-05,8.494732371956507e-06,3.502811741923726e-06,1.0402383544447185e-05,0.0002446990405065549,7.8181460921602e-05,0.0001680733536143283,0.00016300090880681025,8.528123751790335e-05,5.0540319655433044e-05,6.985626197622692e-06,5.254821506521301e-05,8.454078627555114e-06,1.4343480566806279e-05,1.4298434017343308e-05,1.0750983593555371e-05,1.1337483001496446e-05,7.167717269721174e-06,6.657836666735296e-06,1.982211421184487e-06,1.4556629244739894e-05,6.811082106093298e-06,3.5459184740716066e-05,1.2473907242107676e-05,8.040847307464006e-06,1.2468473314333143e-05
Coriolaceae,0.0,3.142394232273652e-06,4.093056641449167e-06,1.576113632244965e-05,1.73801421253475e-05,1.0553910933751465e-05,9.313683365562817e-06,6.234005490039275e-06,1.724172890126186e-05,4.808619770230491e-06,7.967613848766189e-06,0.0,1.0914715301575686e-05,9.261054360296095e-06,0.00018926783457826862,0.00011571589171165559,0.0001900202539807934,7.469245400735585e-05,7.415866439058895e-05,7.874148554537037e-05,3.6278532203963277e-06,8.576833402231295e-05,1.756186518247832e-05,1.7877638691983458e-05,1.6707649602939922e-05,5.583320571258338e-06,6.4231723393020235e-06,1.786761016582147e-05,0.0,0.0,2.0159228980451985e-05,1.2733945337782353e-05,4.9106823607982684e-05,1.4575699068018142e-05,0.0,1.9425799400298376e-05
Meruliaceae,0.0,0.0,0.0,0.0,0.0,0.0,0.0,0.0,0.0,1.2461847186973274e-06,0.0,0.0,0.0,0.0,0.0,0.0,0.0,0.0,0.0,0.0,0.0,2.0206740908451286e-06,7.585450388389413e-07,1.1582762418785492e-06,0.0,0.0,8.323031968915552e-07,0.0,0.0,0.0,0.0,0.0,3.1815872375109764e-06,0.0,0.0,0.0
Pleurotaceae,0.0,0.0,0.0,0.0,0.0,0.0,0.0,0.0,0.0,0.0,0.0,0.0,0.0,0.0,0.0,0.0,0.0,0.0,0.0,1.3355495919017728e-06,0.0,0.0,0.0,0.0,0.0,0.0,0.0,0.0,0.0,0.0,0.0,0.0,0.0,0.0,0.0,0.0
Teloschistaceae,0.0,0.0,0.0,0.0,0.0,0.0,0.0,0.0,0.0,0.0,0.0,0.0,0.0,0.0,5.407652416521961e-12,1.2180620180174272e-11,0.0,0.0,6.179888699215745e-12,0.0,0.0,0.0,0.0,0.0,0.0,0.0,0.0,0.0,0.0,0.0,0.0,0.0,0.0,0.0,0.0,0.0
Dermateaceae,0.0,4.656260171747308e-07,0.0,1.401249096615155e-06,0.0,7.819158180773406e-07,0.0,0.0,0.0,0.0,1.7709084356848544e-06,2.3532774668589013e-06,8.086470122483031e-07,0.0,1.3621792494675654e-05,6.3170456495783724e-06,1.0987846659600881e-05,6.640557607048814e-06,4.578542265712078e-06,5.444862974660169e-06,0.0,2.888356978976202e-06,0.0,1.3245145397645018e-06,0.0,8.273116382102522e-07,0.0,0.0,0.0,0.0,2.2403287443400194e-06,0.0,0.0,0.0,0.0,0.0
Phaffomycetaceae,0.0,3.4711712975514314e-05,3.31561852760654e-05,3.249897581928671e-05,5.375597359654515e-05,4.274646761089804e-05,4.115255818762399e-05,3.902206285475865e-05,4.126561207577273e-05,3.187036703892895e-05,6.454239560298474e-05,5.8477754655977475e-05,5.626451377034589e-05,5.4560022207039883e-05,0.00023893740209399706,0.00011212527781511738,0.0001433472764510128,0.00011000966495809843,0.0001092234808960129,0.00010824167252749513,3.7402605901468726e-05,5.167743110235461e-05,3.879859613208322e-05,6.253568099481925e-05,6.972156761843526e-05,6.989813743925246e-05,4.4936298725564364e-05,4.9342580035352956e-05,4.5832560943558704e-05,6.822773696024356e-05,4.453682882881396e-05,4.6887502854914135e-05,7.232625148102098e-05,5.0091068083503305e-05,1.2300713102951364e-05,5.722199683945571e-05
Psathyrellaceae,0.0,1.6220768943056183e-06,0.0,1.6271526210222647e-06,8.971479985461882e-07,6.809797643456084e-07,2.4038216518153302e-06,8.044850134105076e-07,0.0,1.2410840980236402e-06,4.112813788320247e-06,1.3663315135908877e-06,1.4085205570944512e-06,3.585357497587625e-06,2.2331069595757448e-05,4.715648584839823e-06,1.4354169060013659e-05,9.638900697117098e-06,4.785008147016599e-06,1.083884748469055e-05,1.872666651529372e-06,5.031008733716797e-06,7.55440322139262e-07,4.6141417186265294e-06,1.437390854227443e-06,1.4410310455519435e-06,2.486689766528663e-06,1.1528883497802349e-06,8.923973559712992e-07,1.594139646061831e-06,2.60150518356092e-06,1.0955255228443252e-06,6.337130070215335e-06,2.5079501943414173e-06,2.1555442814635544e-06,0.0
Tilletiaceae,0.0,0.0,0.0,0.0,0.0,0.0,0.0,0.0,0.0,0.0,0.0,0.0,0.0,0.0,0.0,0.0,0.0,0.0,0.0,0.0,0.0,0.0,0.0,0.0,0.0,0.0,0.0,0.0,0.0,0.0,0.0,0.0,0.0,0.0,0.0,0.0
Serendipitaceae,0.0,0.0,0.0,0.0,0.0,0.0,0.0,0.0,0.0,0.0,0.0,0.0,0.0,0.0,0.0,0.0,0.0,0.0,0.0,0.0,0.0,0.0,0.0,0.0,0.0,0.0,0.0,0.0,0.0,0.0,0.0,0.0,0.0,0.0,0.0,0.0
Olpidiaceae,0.0,0.0,0.0,0.0,0.0,0.0,0.0,0.0,0.0,0.0,0.0,0.0,0.0,0.0,0.0,0.0,0.0,0.0,0.0,0.0,0.0,0.0,0.0,0.0,0.0,0.0,0.0,0.0,0.0,0.0,0.0,0.0,0.0,0.0,0.0,0.0
Ceratocystidaceae,0.0,0.0,0.0,0.0,0.0,8.705763398056124e-07,0.0,0.0,0.0,0.0,0.0,0.0,0.0,0.0,0.0,0.0,0.0,0.0,0.0,0.0,0.0,0.0,0.0,0.0,0.0,0.0,0.0,0.0,0.0,0.0,0.0,0.0,0.0,0.0,0.0,0.0
Sarcosomataceae,0.0,0.0,0.0,0.0,0.0,0.0,0.0,0.0,0.0,0.0,0.0,0.0,0.0,0.0,0.0,0.0,0.0,0.0,0.0,0.0,0.0,0.0,0.0,0.0,0.0,0.0,0.0,0.0,0.0,0.0,0.0,0.0,0.0,0.0,0.0,0.0
Coniochaetaceae,0.0,0.0,0.0,0.0,0.0,0.0,0.0,0.0,0.0,0.0,0.0,0.0,0.0,0.0,0.0,0.0,0.0,0.0,0.0,0.0,0.0,0.0,0.0,0.0,0.0,0.0,0.0,0.0,0.0,0.0,0.0,0.0,0.0,0.0,0.0,0.0
Onygenaceae,0.0,0.0,0.0,1.1138932564595725e-06,1.228313918087131e-06,0.0,0.0,0.0,1.5231647293621914e-06,1.699207793574058e-06,0.0,1.8706880220257656e-06,1.92845038610637e-06,0.0,2.2930634327912173e-05,8.608459695171732e-06,1.6377291955138065e-06,1.5836311378521084e-05,2.1837690528449295e-06,9.274882212190314e-06,0.0,2.7552457608583094e-06,0.0,1.5793421214224703e-06,0.0,0.0,0.0,1.5784561837404141e-06,0.0,0.0,3.5618036601785733e-06,0.0,0.0,1.7168572713592753e-06,0.0,0.0
Xylariaceae,0.0,0.0,0.0,0.0,0.0,0.0,0.0,0.0,0.0,0.0,0.0,0.0,0.0,0.0,0.0,0.0,2.087506538794155e-06,0.0,4.175261871300942e-06,0.0,0.0,0.0,0.0,0.0,0.0,0.0,0.0,0.0,0.0,0.0,0.0,0.0,0.0,0.0,0.0,0.0
Glomerellaceae,0.0,6.185169662273697e-06,3.356815415966801e-06,8.272698672314874e-06,3.4209306615842536e-06,4.32775967016843e-06,9.166054215136063e-06,3.067595818773192e-06,4.242108510366307e-06,2.366199696936139e-06,1.1108538013565588e-05,1.5629947487949226e-05,4.475711893916754e-06,1.0633302657458086e-05,0.00012151755933519342,4.795019137467144e-05,8.514198325502719e-05,7.84090883369195e-05,2.534138600039219e-05,3.013631115593677e-05,4.1654070679782505e-06,3.389142777554579e-05,5.761165304255513e-06,1.3928792464507101e-05,3.653960070412535e-06,6.410624012998832e-06,6.321360044608614e-06,2.930732433249644e-06,2.2685439357504663e-06,4.0524277695520975e-06,4.95992236684221e-06,5.569823273632116e-06,1.4095795620440373e-05,8.766182860015731e-06,2.7397811497510816e-06,1.1152099769115071e-05
Kickxellaceae,0.0,0.0,0.0,0.0,0.0,0.0,0.0,0.0,0.0,0.0,0.0,0.0,0.0,0.0,0.0,0.0,0.0,0.0,0.0,1.9603254076207308e-06,0.0,0.0,1.0930378784441878e-06,0.0,0.0,0.0,0.0,0.0,0.0,0.0,0.0,0.0,0.0,0.0,0.0,0.0
Sporocadaceae,0.0,1.6888603492982169e-06,0.0,2.8235750861013225e-06,0.0,2.836067085882682e-06,2.2247029040566182e-06,1.1168092343203573e-06,0.0,0.0,4.282144795678443e-06,2.845171058660675e-06,0.0,8.295494001126015e-07,2.8094323748682762e-05,6.5463989975801974e-06,1.9926870345611626e-05,1.6057199019682874e-05,1.3285371873445717e-05,3.7616999566515104e-06,0.0,4.190514616008805e-06,1.5730859749016185e-06,3.202742123174526e-06,4.988568315658905e-06,3.0007211168398436e-06,0.0,0.0,6.194258384048107e-07,0.0,4.5143554008174075e-06,1.5208400404618397e-06,0.0,3.481608593778493e-06,0.0,3.4800919230777584e-06
Saccharomycetaceae,0.0,4.1743805328038586e-05,3.020693193504973e-05,5.117985654232078e-05,7.69597124386703e-05,5.452181780168918e-05,4.811476529481553e-05,3.4505419057736986e-05,5.4078994067109735e-05,3.548781823098815e-05,3.528079725706804e-05,1.562766760924552e-05,3.6247978219960506e-05,5.809492849281252e-05,0.0007782197399840545,0.0004674461714291163,0.0004959557184328137,0.0004630361268856247,0.0002554039106893175,0.00024019441046464065,4.551530856462996e-05,0.0001265947899063196,6.480365564057031e-05,6.926730992950585e-05,6.16515820035146e-05,4.9446171673163194e-05,4.9773449035701545e-05,4.2855709731202433e-05,5.8690012208356825e-05,3.6466529921279485e-05,5.2071588266855214e-05,6.265137178700218e-05,9.966287233704125e-05,9.322670800645742e-05,2.465443357826908e-05,4.300896750314593e-05
Podoscyphaceae,0.0,0.0,0.0,0.0,0.0,0.0,0.0,0.0,0.0,0.0,0.0,0.0,0.0,0.0,0.0,0.0,0.0,0.0,0.0,0.0,0.0,0.0,0.0,0.0,0.0,0.0,0.0,0.0,0.0,0.0,0.0,0.0,0.0,0.0,0.0,0.0
Graphidaceae,0.0,3.142394232273652e-12,8.186113282898335e-12,3.1522272644899302e-12,3.476028425069501e-12,0.0,0.0,6.2340054900392755e-12,0.0,0.0,0.0,0.0,5.457357650787843e-12,0.0,0.0,0.0,0.0,0.0,0.0,1.0498864739382718e-11,0.0,0.0,1.7561865182478317e-11,0.0,5.569216534313308e-12,1.1166641142516676e-11,0.0,4.466902541455369e-12,0.0,0.0,0.0,0.0,1.227670590199567e-11,0.0,1.670344961144686e-11,0.0
Opegraphaceae,0.0,0.0,0.0,0.0,0.0,0.0,0.0,0.0,0.0,0.0,0.0,0.0,0.0,0.0,0.0,0.0,0.0,0.0,6.179888699215745e-12,0.0,0.0,0.0,0.0,0.0,0.0,0.0,0.0,0.0,0.0,0.0,0.0,0.0,0.0,0.0,0.0,0.0
Nosematidae,0.0,4.271812371190238e-06,0.0,0.0,0.0,0.0,0.0,0.0,0.0,0.0,1.083127987521779e-05,0.0,0.0,0.0,4.4107406234540754e-05,4.1396241311827435e-05,0.0,3.0461373603558204e-05,8.40102261096233e-06,0.0,0.0,0.0,0.0,0.0,0.0,0.0,0.0,0.0,0.0,0.0,6.85118077069238e-06,0.0,0.0,0.0,0.0,1.320384459501961e-05
Lophiostomataceae,0.0,0.0,0.0,0.0,0.0,0.0,0.0,0.0,0.0,0.0,0.0,0.0,0.0,0.0,0.0,0.0,9.269280681989922e-12,0.0,0.0,0.0,0.0,0.0,0.0,0.0,0.0,0.0,0.0,0.0,0.0,0.0,0.0,0.0,0.0,0.0,0.0,0.0
Sclerodermataceae,0.0,0.0,0.0,0.0,0.0,0.0,0.0,0.0,0.0,0.0,0.0,0.0,0.0,0.0,0.0,9.730194818778127e-07,0.0,0.0,0.0,0.0,0.0,0.0,0.0,0.0,0.0,0.0,0.0,0.0,0.0,0.0,0.0,0.0,0.0,0.0,0.0,0.0
Psoraceae,0.0,0.0,0.0,0.0,0.0,0.0,0.0,0.0,0.0,0.0,0.0,0.0,0.0,0.0,0.0,0.0,0.0,0.0,0.0,0.0,0.0,0.0,0.0,0.0,0.0,0.0,0.0,0.0,0.0,6.176544708588428e-12,0.0,0.0,0.0,0.0,0.0,0.0
Spizellomycetaceae,0.0,2.3361783145811553e-06,0.0,1.171744286935725e-06,2.5842149734469977e-06,9.807735772069098e-07,0.0,0.0,3.2045432708065296e-06,0.0,0.0,0.0,0.0,0.0,3.216207611005018e-05,0.0,2.2396219408291473e-05,1.9435248236184317e-05,2.2971850281158022e-06,1.951316282976387e-06,0.0,1.4491709419495762e-06,1.088014572390197e-06,3.3227332999136307e-06,0.0,4.150858064836439e-06,0.0,1.6604347003184542e-06,0.0,0.0,0.0,1.577818522983587e-06,4.563490762580287e-06,1.8060237707097581e-06,3.1044988213276297e-06,0.0
Hygrophoraceae,0.0,0.0,0.0,0.0,0.0,0.0,0.0,0.0,0.0,0.0,0.0,0.0,0.0,0.0,9.258521144464113e-07,0.0,0.0,0.0,0.0,0.0,0.0,0.0,0.0,0.0,0.0,0.0,0.0,0.0,0.0,0.0,0.0,0.0,0.0,0.0,0.0,0.0
Ophiostomataceae,0.0,3.6412081253964526e-06,3.5570817978897896e-06,6.392053539520846e-06,6.041703559413492e-06,3.821626859784686e-06,2.6980271284675516e-06,9.029465180946288e-07,1.2486642097284906e-06,2.785962563111737e-06,5.770230066175839e-06,7.667789096092948e-06,4.742731231131707e-06,2.6827813359727264e-06,0.00012062139229238905,6.704213634473154e-05,9.263817081951903e-05,6.491167649593482e-05,4.833583890367066e-05,3.193423247475514e-05,1.0509318410929447e-06,1.6940272632382324e-05,4.239496057311028e-06,5.178869872499447e-06,3.226628328260619e-06,4.852199643339167e-06,7.442766751696208e-06,2.5879823833454863e-06,2.0032370321359003e-06,1.789247554365111e-06,7.299763227853996e-06,3.6888230601431396e-06,1.0669104028468474e-05,1.4074500194447951e-06,4.838725821118903e-06,2.813673802137386e-06
Archaeosporaceae,0.0,0.0,0.0,0.0,0.0,0.0,0.0,0.0,0.0,0.0,0.0,0.0,0.0,0.0,0.0,0.0,0.0,0.0,0.0,0.0,0.0,0.0,0.0,0.0,0.0,0.0,0.0,0.0,0.0,0.0,0.0,0.0,0.0,4.858566356006047e-12,0.0,0.0
Stachybotryaceae,0.0,0.0,0.0,0.0,0.0,0.0,0.0,0.0,0.0,0.0,0.0,0.0,0.0,0.0,0.0,0.0,0.0,0.0,0.0,0.0,0.0,0.0,0.0,0.0,0.0,0.0,0.0,0.0,0.0,0.0,0.0,0.0,0.0,0.0,0.0,0.0
Diaporthaceae,0.0,0.0,0.0,0.0,0.0,0.0,0.0,0.0,0.0,0.0,0.0,0.0,0.0,0.0,0.0,1.0571224587169886e-06,0.0,0.0,0.0,0.0,0.0,0.0,0.0,0.0,0.0,0.0,0.0,0.0,0.0,0.0,0.0,0.0,0.0,0.0,0.0,0.0
Cryphonectriaceae,0.0,0.0,0.0,0.0,0.0,0.0,0.0,0.0,0.0,0.0,0.0,0.0,0.0,0.0,1.0815304833043922e-11,0.0,0.0,7.469245400735585e-12,0.0,0.0,0.0,0.0,0.0,0.0,0.0,0.0,0.0,0.0,0.0,0.0,0.0,0.0,0.0,0.0,0.0,0.0
Parmeliaceae,0.0,0.0,0.0,0.0,0.0,0.0,0.0,0.0,0.0,0.0,0.0,0.0,0.0,0.0,0.0,0.0,0.0,0.0,0.0,0.0,0.0,0.0,0.0,0.0,0.0,0.0,0.0,0.0,0.0,0.0,1.157053685513972e-06,0.0,0.0,0.0,0.0,0.0
Cortinariaceae,0.0,0.0,0.0,0.0,0.0,0.0,0.0,0.0,0.0,0.0,0.0,0.0,0.0,0.0,0.0,0.0,9.794400302205846e-07,0.0,0.0,0.0,0.0,0.0,0.0,0.0,0.0,0.0,0.0,0.0,0.0,0.0,0.0,0.0,0.0,0.0,0.0,0.0
Corticiaceae,0.0,0.0,0.0,0.0,0.0,0.0,0.0,0.0,0.0,0.0,0.0,0.0,0.0,0.0,0.0,0.0,0.0,0.0,0.0,0.0,0.0,0.0,0.0,0.0,0.0,0.0,0.0,0.0,0.0,0.0,0.0,0.0,0.0,0.0,0.0,0.0
Pluteaceae,0.0,0.0,0.0,0.0,0.0,0.0,0.0,0.0,0.0,0.0,0.0,0.0,1.3704506754638005e-06,0.0,0.0,0.0,0.0,0.0,0.0,0.0,0.0,0.0,0.0,0.0,0.0,0.0,0.0,0.0,0.0,0.0,0.0,0.0,0.0,0.0,0.0,0.0
Vuilleminiaceae,0.0,0.0,0.0,0.0,0.0,0.0,0.0,0.0,0.0,0.0,0.0,0.0,0.0,0.0,5.407652416521961e-12,0.0,0.0,0.0,0.0,0.0,0.0,0.0,0.0,0.0,0.0,0.0,0.0,0.0,0.0,0.0,0.0,0.0,0.0,0.0,0.0,0.0
Trapeliaceae,0.0,0.0,0.0,0.0,0.0,0.0,0.0,0.0,0.0,0.0,0.0,0.0,0.0,0.0,0.0,0.0,4.634640340994961e-12,0.0,0.0,0.0,0.0,0.0,0.0,0.0,0.0,0.0,0.0,0.0,0.0,0.0,0.0,0.0,0.0,0.0,0.0,0.0
Chionosphaeraceae,0.0,0.0,0.0,0.0,0.0,0.0,0.0,0.0,0.0,0.0,0.0,0.0,0.0,0.0,0.0,0.0,0.0,0.0,0.0,0.0,0.0,0.0,0.0,0.0,0.0,0.0,0.0,0.0,0.0,0.0,0.0,0.0,0.0,0.0,0.0,0.0
Choanephoraceae,0.0,0.0,0.0,0.0,0.0,0.0,0.0,0.0,0.0,0.0,0.0,0.0,0.0,0.0,0.0,0.0,4.634640340994961e-12,0.0,0.0,0.0,0.0,0.0,0.0,0.0,0.0,0.0,0.0,0.0,0.0,0.0,0.0,0.0,0.0,0.0,0.0,0.0
Bartheletiaceae,0.0,0.0,0.0,0.0,1.0428085275208502e-11,0.0,3.1045611218542726e-12,0.0,4.310432225315465e-12,0.0,0.0,0.0,5.457357650787843e-12,0.0,0.0,0.0,4.634640340994961e-12,0.0,0.0,0.0,0.0,3.8985606373778615e-12,0.0,0.0,0.0,0.0,0.0,0.0,6.915243818945889e-12,0.0,0.0,0.0,0.0,4.858566356006047e-12,0.0,0.0
Saccharomycodaceae,0.0,0.0,0.0,0.0,0.0,0.0,0.0,0.0,0.0,0.0,0.0,0.0,0.0,0.0,0.0,0.0,0.0,0.0,0.0,0.0,0.0,0.0,0.0,0.0,0.0,0.0,0.0,0.0,0.0,0.0,0.0,0.0,0.0,0.0,0.0,0.0
Massariaceae,0.0,0.0,0.0,0.0,0.0,0.0,0.0,0.0,0.0,0.0,0.0,0.0,0.0,0.0,0.0,0.0,0.0,0.0,0.0,0.0,0.0,0.0,0.0,0.0,0.0,0.0,0.0,0.0,0.0,0.0,0.0,0.0,0.0,0.0,0.0,0.0
Lentinaceae,0.0,0.0,0.0,0.0,0.0,0.0,0.0,0.0,0.0,0.0,0.0,0.0,0.0,0.0,0.0,0.0,4.634640340994961e-06,0.0,0.0,0.0,0.0,0.0,0.0,0.0,0.0,0.0,0.0,0.0,0.0,0.0,0.0,0.0,0.0,0.0,0.0,0.0
Verrucariaceae,0.0,7.59138722872635e-07,0.0,6.092113472440451e-06,0.0,0.0,5.2499930742091365e-06,0.0,0.0,0.0,0.0,6.3944882261086775e-06,0.0,0.0,9.144654145998554e-06,4.41388624272823e-06,1.4555256585226806e-05,2.1653018667492e-05,7.464678948355969e-06,3.804469226686196e-06,0.0,4.7090659614010295e-06,0.0,0.0,0.0,0.0,0.0,1.0791130710749263e-06,0.0,0.0,2.435030459441193e-06,1.0254209886177234e-06,0.0,1.1737311062405197e-06,0.0,0.0
Auriculariaceae,0.0,5.448403812993767e-07,0.0,1.0930905403834903e-06,1.2053743181370581e-06,1.8298776131549554e-06,5.382807313054541e-07,2.161751630862606e-06,7.473592947332913e-07,1.667473929418763e-06,0.0,0.0,0.0,3.2114343496914697e-06,3.937918091889538e-05,1.1615574905905396e-05,3.053572623583667e-05,2.0720743287316473e-05,1.0714928383865489e-05,6.371167223938576e-06,0.0,7.435421585903017e-06,5.074906061583173e-07,1.5498468304254003e-06,9.656121529661126e-07,9.680575650624272e-07,5.011534306388309e-06,0.0,1.198991533397306e-06,2.141826088895971e-06,3.4952845481974566e-06,1.4719069008013149e-06,4.257164843320104e-06,3.3695875823439766e-06,2.8961082482419435e-06,0.0
Tulasnellaceae,0.0,0.0,0.0,0.0,0.0,0.0,0.0,0.0,0.0,0.0,0.0,0.0,0.0,0.0,0.0,8.755817009320228e-07,6.663053626089635e-07,0.0,0.0,7.546917735212097e-07,0.0,0.0,0.0,0.0,0.0,0.0,0.0,0.0,0.0,0.0,0.0,0.0,0.0,0.0,0.0,0.0
Agaricaceae,0.0,0.0,6.450826556173756e-07,0.0,5.478364566807975e-07,0.0,0.0,4.912525245709794e-07,0.0,0.0,0.0,0.0,1.7202042749047285e-06,0.0,1.704536773901387e-05,9.598580597838275e-06,6.573946379954636e-06,7.063103808197157e-06,3.895904076322234e-06,5.791325772192979e-06,0.0,6.144292809382351e-07,0.0,1.4087948999784029e-06,0.0,8.799544147024679e-07,0.0,0.0,0.0,0.0,0.0,0.0,3.869719253476512e-06,1.5314603055754172e-06,0.0,0.0
Marasmiaceae,0.0,6.707447381307201e-07,0.0,3.3642180050702964e-06,2.2258770892866854e-06,5.631836509253119e-07,6.626692524133993e-07,6.653249196069888e-07,9.200627039426357e-07,0.0,0.0,1.1299830193014248e-06,1.1648741875760304e-06,0.0,3.116514404933042e-05,7.799868147456497e-06,8.903384976115308e-06,4.782936207267888e-06,9.233690188399128e-06,5.602462453598551e-06,2.3230981968778493e-06,0.0,1.8742919876074008e-06,3.815985900080351e-06,1.1887504907996382e-06,1.1917610005791308e-06,0.0,1.9069226544857104e-06,0.0,1.3183848228098617e-06,2.1514959237986803e-06,1.812042283606535e-06,0.0,0.0,0.0,0.0
Taphrinaceae,0.0,0.0,0.0,0.0,0.0,0.0,0.0,0.0,0.0,0.0,0.0,0.0,0.0,0.0,0.0,0.0,0.0,0.0,0.0,0.0,0.0,0.0,0.0,0.0,0.0,0.0,0.0,0.0,0.0,0.0,0.0,0.0,0.0,0.0,0.0,0.0
Hericiaceae,0.0,0.0,0.0,0.0,0.0,0.0,0.0,0.0,0.0,0.0,0.0,0.0,0.0,0.0,0.0,0.0,1.1325619192826615e-06,0.0,0.0,0.0,0.0,0.0,0.0,0.0,0.0,0.0,0.0,0.0,0.0,0.0,0.0,0.0,0.0,0.0,0.0,0.0
Gloeophyllaceae,0.0,2.322540148931698e-06,0.0,0.0,0.0,6.500320047937791e-07,7.648592460980418e-07,0.0,0.0,0.0,2.944427351744863e-06,0.0,2.6890180573902723e-06,3.422417587252232e-06,1.4654896672770121e-05,9.002683086925548e-06,6.850915239894004e-06,1.656153338171077e-05,1.5225163319151542e-06,1.2932832458865202e-06,0.0,2.881421914017288e-06,0.0,1.1011119378281563e-06,0.0,2.7510840954586914e-06,0.0,0.0,0.0,0.0,0.0,0.0,3.0245666463668844e-06,1.1969870311178011e-06,0.0,0.0
Ganodermataceae,0.0,0.0,0.0,0.0,0.0,0.0,0.0,3.1170027450196377e-06,0.0,0.0,0.0,0.0,0.0,0.0,1.0815304833043923e-05,0.0,9.269280681989922e-06,1.493849080147117e-05,0.0,5.2494323696913585e-06,0.0,0.0,0.0,0.0,0.0,0.0,0.0,0.0,0.0,0.0,0.0,0.0,0.0,9.717132712012094e-06,0.0,0.0
Serpulaceae,0.0,0.0,0.0,0.0,0.0,5.530068618726846e-07,0.0,0.0,9.034370720766714e-07,0.0,0.0,0.0,0.0,9.705267822644469e-07,1.1334069092417726e-05,1.2764872820670886e-06,1.0685277598674044e-05,9.393016072724131e-06,5.1810493800496505e-06,1.1002450710824887e-06,0.0,0.0,0.0,0.0,0.0,0.0,1.3462529297136062e-06,0.0,0.0,0.0,0.0,0.0,5.146226946664789e-06,0.0,0.0,0.0
Hyaloscyphaceae,0.0,0.0,0.0,0.0,0.0,0.0,0.0,0.0,0.0,0.0,0.0,0.0,0.0,0.0,6.998697435970975e-07,0.0,1.199649791546004e-06,0.0,0.0,0.0,0.0,0.0,0.0,0.0,0.0,0.0,0.0,0.0,0.0,0.0,0.0,0.0,0.0,0.0,0.0,0.0
Cryptococcaceae,0.0,9.312443427301957e-06,8.664084862147376e-06,6.672559633732745e-06,7.3579742222613634e-06,1.1170133712734666e-05,2.6286644310835087e-06,7.917596651338261e-06,5.474532194029756e-06,8.143017487161057e-06,3.3731310647140115e-06,4.482396247823773e-06,9.24160380888828e-06,3.9207158815254754e-06,0.00023580387203197325,0.00010571295201933116,0.00015108164370960237,9.486432513955836e-05,9.941895376105013e-05,2.000137225645904e-05,4.6076120008639466e-06,2.310666498214601e-05,1.4869815261067225e-05,9.460740000125756e-06,2.3577569965843854e-06,1.181864007257623e-05,1.2236776472017313e-05,3.7821731855055487e-06,2.9276046992877358e-06,2.6148725609187044e-06,6.400886401376199e-06,1.2578959099248469e-05,5.197407760516917e-06,1.4398296643818056e-05,7.071492901351071e-06,4.112006973342223e-06
Helicocephalidaceae,0.0,0.0,0.0,0.0,0.0,0.0,0.0,0.0,0.0,0.0,0.0,0.0,0.0,0.0,5.407652416521961e-12,0.0,0.0,0.0,0.0,0.0,0.0,0.0,0.0,0.0,0.0,0.0,0.0,0.0,0.0,0.0,0.0,0.0,0.0,0.0,0.0,0.0
Auriscalpiaceae,0.0,0.0,0.0,0.0,0.0,0.0,0.0,0.0,0.0,0.0,0.0,0.0,0.0,0.0,0.0,0.0,0.0,0.0,0.0,5.249432369691359e-12,0.0,0.0,0.0,0.0,0.0,0.0,0.0,0.0,0.0,0.0,0.0,0.0,0.0,0.0,0.0,0.0
Tremellaceae,0.0,0.0,0.0,0.0,1.1929096794052059e-06,9.054775284382802e-07,0.0,0.0,1.4792618745331837e-06,3.3004615423261374e-06,4.101510050985608e-06,0.0,3.7457316048678215e-06,3.178225272330479e-06,1.8558078708458836e-05,6.27025067284846e-06,2.544838716949993e-05,2.0506472437634667e-05,4.241650611239699e-06,7.206038523764514e-06,0.0,8.027490258483478e-06,0.0,3.0676400812443996e-06,0.0,0.0,1.1021579111350278e-06,1.5329596387162111e-06,0.0,0.0,3.459140208217125e-06,1.4566860789459396e-06,0.0,0.0,0.0,0.0
Apiosporaceae,0.0,0.0,0.0,0.0,0.0,0.0,0.0,0.0,0.0,0.0,0.0,0.0,0.0,0.0,0.0,0.0,0.0,0.0,0.0,0.0,0.0,0.0,0.0,0.0,0.0,0.0,0.0,0.0,3.4576219094729445e-12,0.0,0.0,0.0,0.0,0.0,0.0,0.0
Dacrymycetaceae,0.0,0.0,0.0,0.0,0.0,0.0,0.0,0.0,0.0,0.0,0.0,0.0,0.0,0.0,0.0,0.0,0.0,0.0,0.0,0.0,0.0,0.0,0.0,0.0,0.0,0.0,0.0,0.0,0.0,0.0,0.0,0.0,0.0,0.0,0.0,0.0
Gloniaceae,0.0,0.0,0.0,0.0,0.0,0.0,0.0,0.0,0.0,0.0,0.0,0.0,0.0,0.0,0.0,0.0,0.0,1.2288987776810417e-06,0.0,0.0,0.0,0.0,0.0,0.0,0.0,0.0,0.0,0.0,0.0,0.0,0.0,0.0,0.0,0.0,0.0,0.0
Togniniaceae,0.0,0.0,0.0,0.0,6.568990248238384e-07,1.9944755774890895e-06,5.866992222341499e-07,5.890504372200834e-07,0.0,0.0,2.258576654471448e-06,2.0008779829378947e-06,0.0,0.0,5.518459082858056e-05,6.905672111653745e-06,2.7151450100925493e-05,2.2584579502407462e-05,9.342991169477595e-06,1.1904437764636511e-05,0.0,7.367490617856252e-07,5.531395173706549e-07,2.533883930195863e-06,0.0,2.1102691865732636e-06,6.06924790305561e-07,0.0,0.0,0.0,9.524215742132917e-07,8.021526535111731e-07,9.280195842942536e-06,9.181707141069967e-07,0.0,0.0
Saccharomycopsidaceae,0.0,8.81414416087323e-06,3.826890011213894e-06,2.9472416553907168e-06,8.124966024098473e-06,4.933801296885397e-06,2.9026751856091233e-06,5.828615489483488e-06,6.0451948771104346e-06,2.2479604582145944e-06,1.8623723369887974e-06,0.0,5.102472140240743e-06,6.494114215124433e-06,7.58399876781729e-05,3.985985101952657e-05,2.3832903399874837e-05,4.888470447279718e-05,2.0223062473365056e-05,1.472420398243167e-05,1.0175814654523846e-05,7.29008370429525e-06,2.7366396449914203e-06,1.0446923126108325e-05,7.810585459393359e-06,1.305060960260043e-05,1.5013702605931535e-06,4.176425154700319e-06,1.616388423986174e-06,2.8874456573296165e-06,4.712074543375426e-06,1.9843119900098843e-06,0.0,2.2713097674158272e-06,2.342586607165614e-05,4.540640662776543e-06
Polyporaceae,0.0,6.45057565563951e-07,1.680411150028255e-06,1.9412281480655864e-06,7.135445994260481e-07,5.416156910059868e-07,6.372913426457084e-07,6.398453070936727e-07,8.848275271236761e-07,0.0,8.1777924931463e-07,2.1734172603143866e-06,0.0,9.505352827556651e-07,4.44024122421302e-05,1.625251449312352e-05,2.5687249611426624e-05,2.2998832571584177e-05,7.6114904721320745e-06,9.69823400000992e-06,7.447105594001115e-07,4.801681485007405e-06,0.0,2.752385261111587e-06,0.0,2.292241462557136e-06,6.592609975276736e-07,0.0,0.0,1.2678953049236607e-06,1.0345505853643144e-06,8.713237075997568e-07,2.5201109208235985e-06,0.0,0.0,1.9938234899991544e-06
Mortierellaceae,0.0,1.9656909300795576e-06,1.7069117201073649e-06,3.2864031294560957e-06,7.247974042300048e-07,2.7507856358743613e-06,1.2946832230512486e-06,1.9498075581958417e-06,4.4939075662989535e-06,5.013300671329316e-06,8.306758647086304e-07,2.2076926794087792e-06,0.0,1.9310509984225372e-06,3.157185579201821e-05,1.1429184011193561e-05,1.7394896647101402e-05,1.5574353877447972e-05,9.02011352589169e-06,6.567451970978378e-06,7.564548604110302e-07,4.064504492865662e-06,1.22062621869412e-06,1.863860782072349e-06,1.1612545106228241e-06,1.1641953868519125e-06,2.6786309368888383e-06,3.7256304852346297e-06,0.0,5.15156152304014e-06,4.203462989810776e-06,2.6551942037835566e-06,2.5598537992633735e-06,5.065373254308194e-06,1.741443889346403e-06,2.025266663368487e-06
Ajellomycetaceae,0.0002569915830803357,0.0,1.0354001486054053e-06,0.0,1.7586271889945318e-06,1.3348851367599857e-06,2.356036083916284e-06,7.88492656738347e-07,3.271165701531806e-06,0.0,2.0155275838357714e-06,1.3391702109767782e-06,0.0,0.0,3.283072543276118e-05,9.243812423905156e-06,2.3448037582493768e-05,5.668373400633219e-06,6.253182633961665e-06,6.639613779871949e-06,0.0,5.91719678014383e-06,7.404229248294402e-07,3.391812900463493e-06,1.4088169630611483e-06,4.237154373079273e-06,8.124189544903027e-07,1.1299700835782315e-06,8.746573899407528e-07,0.0,0.0,0.0,3.1055771343566536e-06,0.0,0.0,0.0
